RMS CDW ID,General Offense Number,Offense Code,Offense Code Extension,Offense Type,Summary Offense Code,Summarized Offense Description,Date Reported,Occurred Date or Date Range Start,Occurred Date Range End,Hundred Block Location,District/Sector,Zone/Beat,Census Tract 2000,Longitude,Latitude,Location,Month,Year
887754,201378203,2299,2,BURGLARY-SECURE PARKING-RES,2299,BURGLARY-SECURE PARKING-RES,03/07/2013 04:29:00 PM,03/07/2013 04:29:00 PM,,60XX BLOCK OF PHINNEY AV N,B,B2,3500.2037,-122.354377747,47.672828674,"(47.672828674, -122.354377747)",3,2013
1032236,2012163025,2303,0,THEFT-SHOPLIFT,2300,SHOPLIFTING,05/26/2012 08:20:00 PM,05/26/2012 08:20:00 PM,,1XX BLOCK OF MERCER ST,Q,Q3,7000.3021,-122.354751587,47.624576569,"(47.624576569, -122.354751587)",5,2012
1032237,2012198841,2399,3,THEFT-OTH,2300,OTHER PROPERTY,06/24/2012 05:29:00 PM,06/24/2012 03:30:00 PM,,3XX BLOCK OF HARRISON ST,Q,Q3,7100.2001,-122.350852966,47.622085571,"(47.622085571, -122.350852966)",6,2012
1032238,201472111,2404,8,VEH-THEFT-TRUCK,2400,VEHICLE THEFT,03/08/2014 06:57:00 AM,03/07/2014 10:00:00 PM,03/08/2014 06:30:00 AM,CHERRY ST / 2 AV,K,K1,8100.2036,-122.333175659,47.6030159,"(47.6030159, -122.333175659)",3,2014
1032239,2014107311,2202,0,BURGLARY-FORCE-RES,2200,BURGLARY,04/08/2014 03:59:00 PM,04/08/2014 10:30:00 AM,04/08/2014 03:59:00 PM,130XX BLOCK OF 25 AV NE,L,L1,200.2001,-122.301887512,47.723846436,"(47.723846436, -122.301887512)",4,2014
887755,201377887,2299,2,BURGLARY-SECURE PARKING-RES,2299,BURGLARY-SECURE PARKING-RES,03/07/2013 11:59:00 AM,03/05/2013 03:30:00 PM,03/06/2013 07:15:00 AM,1XX BLOCK OF 6 AV N,Q,Q3,7200.1075,-122.34500885,47.61914444,"(47.61914444, -122.34500885)",3,2013
1032241,2014123990,2404,1,VEH-THEFT-AUTO,2400,VEHICLE THEFT,04/23/2014 08:29:00 AM,04/22/2014 06:15:00 PM,04/23/2014 08:25:00 AM,22XX BLOCK OF NW 64 ST,B,B1,3300.4006,-122.386161804,47.675289154,"(47.675289154, -122.386161804)",4,2014
1032242,2014125050,2404,1,VEH-THEFT-AUTO,2400,VEHICLE THEFT,04/24/2014 06:30:00 AM,04/24/2014 05:30:00 AM,04/24/2014 06:30:00 AM,73XX BLOCK OF 16 AV NW,J,J2,3000.4011,-122.377853394,47.682281494,"(47.682281494, -122.377853394)",4,2014
1032243,2014120550,1203,3,ROBBERY-BUSINESS-BODYFORCE,1200,ROBBERY,04/19/2014 11:37:00 PM,04/19/2014 11:30:00 PM,04/19/2014 11:37:00 PM,20XX BLOCK OF FAIRVIEW AV,D,D3,7300.2005,-122.334251404,47.618183136,"(47.618183136, -122.334251404)",4,2014
1032244,2014122739,2404,1,VEH-THEFT-AUTO,2400,VEHICLE THEFT,04/22/2014 06:12:00 AM,04/21/2014 10:30:00 PM,04/22/2014 05:45:00 AM,22XX BLOCK OF N 106 ST,N,N3,1200.5011,-122.331932068,47.705928802,"(47.705928802, -122.331932068)",4,2014
887756,201379885,2205,0,BURGLARY-NOFORCE-NONRES,2200,BURGLARY,03/08/2013 10:47:00 PM,03/08/2013 05:00:00 PM,03/08/2013 10:47:00 PM,4XX BLOCK OF STEWART ST,M,M2,7200.1065,-122.338302612,47.612625122,"(47.612625122, -122.338302612)",3,2013
887757,201378420,2204,0,BURGLARY-NOFORCE-RES,2200,BURGLARY,03/07/2013 07:43:00 PM,03/04/2013 08:00:00 PM,03/06/2013 11:00:00 PM,6XX BLOCK OF 33 AV E,C,C3,6300.4020,-122.289543152,47.62556076,"(47.62556076, -122.289543152)",3,2013
887758,201377008,2205,0,BURGLARY-NOFORCE-NONRES,2200,BURGLARY,03/07/2013 11:15:00 AM,03/06/2013 06:02:00 PM,,21XX BLOCK OF QUEEN ANNE AV N,Q,Q2,6800.2008,-122.356933594,47.637775421,"(47.637775421, -122.356933594)",3,2013
887760,201379326,2205,0,BURGLARY-NOFORCE-NONRES,2200,BURGLARY,03/08/2013 01:54:00 PM,03/03/2013 09:30:00 AM,03/04/2013 05:00:00 PM,1XX BLOCK OF 6 AV N,Q,Q3,7200.1075,-122.34500885,47.61914444,"(47.61914444, -122.34500885)",3,2013
887761,201377837,2205,0,BURGLARY-NOFORCE-NONRES,2200,BURGLARY,03/07/2013 01:26:00 PM,03/07/2013 01:26:00 PM,,9XX BLOCK OF 2 AV W,Q,Q3,7000.6010,-122.359298706,47.627227783,"(47.627227783, -122.359298706)",3,2013
887762,201378100,2902,0,PROPERTY DAMAGE-RESIDENTIAL,2900,PROPERTY DAMAGE,03/07/2013 06:15:00 PM,03/07/2013 11:00:00 AM,03/07/2013 03:00:00 PM,3XX BLOCK OF 25 AV S,G,G3,8900.3022,-122.299858093,47.600078583,"(47.600078583, -122.299858093)",3,2013
1032251,2014278823,2399,3,THEFT-OTH,2300,OTHER PROPERTY,08/21/2014 06:42:00 PM,08/21/2014 06:42:00 PM,,9XX BLOCK OF NE 114 ST,L,L2,1200.3000,-122.31855011,47.711528778,"(47.711528778, -122.31855011)",8,2014
887763,201377796,2299,2,BURGLARY-SECURE PARKING-RES,2299,BURGLARY-SECURE PARKING-RES,03/07/2013 10:33:00 AM,03/03/2013 10:00:00 PM,03/07/2013 09:00:00 AM,1XX BLOCK OF HARVARD AV E,E,E1,7402.1010,-122.32219696,47.619316101,"(47.619316101, -122.32219696)",3,2013
887764,201377696,X,71,WEAPON-SURRENDER-EXCLUDING FIR,X,WEAPON,03/07/2013 09:15:00 AM,03/07/2013 09:15:00 AM,,100XX BLOCK OF COLLEGE WY N,N,N3,1300.1011,-122.334526062,47.702331543,"(47.702331543, -122.334526062)",3,2013
887765,201379151,1304,0,ASSLT-AGG-GUN,1300,ASSAULT,03/08/2013 11:07:00 AM,03/08/2013 11:07:00 AM,,99XX BLOCK OF 64 AV S,S,S3,11900.1011,-122.253509521,47.512325287,"(47.512325287, -122.253509521)",3,2013
887766,201379923,5015,1,WARRARR-FELONY,5000,WARRANT ARREST,03/08/2013 11:28:00 PM,03/08/2013 11:28:00 PM,,62XX BLOCK OF CORSON AV S,O,O3,10900.2082,-122.321685791,47.5467453,"(47.5467453, -122.321685791)",3,2013
1032256,2014276976,2305,0,THEFT-CARPROWL,2300,CAR PROWL,08/20/2014 01:35:00 PM,07/19/2014 02:00:00 PM,07/19/2014 04:00:00 PM,11XX BLOCK OF WESTERN AV,K,K1,8100.1023,-122.3383255,47.605300903,"(47.605300903, -122.3383255)",8,2014
887767,201379723,1204,0,ROBBERY-STREET-GUN,1200,ROBBERY,03/08/2013 08:37:00 PM,03/08/2013 08:35:00 PM,03/08/2013 08:37:00 PM,26 AV SW / SW TRENTON ST,F,F2,11402.1011,-122.365875244,47.524677277,"(47.524677277, -122.365875244)",3,2013
887768,201377390,2404,1,VEH-THEFT-AUTO,2400,VEHICLE THEFT,03/07/2013 12:56:00 AM,03/06/2013 06:00:00 PM,03/07/2013 12:50:00 AM,51XX BLOCK OF BALLARD AV NW,B,B1,4700.4014,-122.381286621,47.664783478,"(47.664783478, -122.381286621)",3,2013
887769,201377745,5309,0,HARASSMENT,5300,THREATS,03/07/2013 09:39:00 AM,03/07/2013 12:00:00 AM,03/07/2013 06:00:00 AM,49XX BLOCK OF SW WAITE ST,W,W1,9600.3009,-122.394233704,47.581233978,"(47.581233978, -122.394233704)",3,2013
887770,201379733,5015,2,WARRARR-MISDEMEANOR,5000,WARRANT ARREST,03/08/2013 08:39:00 PM,03/08/2013 08:39:00 PM,,5XX BLOCK OF 3 AV,NULL,NULL,NULL,-122.331085205,47.602413177,"(47.602413177, -122.331085205)",3,2013
887772,201377371,5015,1,WARRARR-FELONY,5000,WARRANT ARREST,03/07/2013 12:13:00 AM,03/07/2013 12:13:00 AM,03/07/2013 12:13:00 AM,14XX BLOCK OF E OLIVE ST,C,C1,7500.2008,-122.313514709,47.616451263,"(47.616451263, -122.313514709)",3,2013
887774,201377538,2903,0,PROPERTY DAMAGE-NON RESIDENTIA,2900,PROPERTY DAMAGE,03/07/2013 05:40:00 AM,03/07/2013 12:30:00 AM,03/07/2013 05:30:00 AM,60XX BLOCK OF SW STEVENS ST,W,W1,9701.2004,-122.41003418,47.577732086,"(47.577732086, -122.41003418)",3,2013
887775,201377600,2305,0,THEFT-CARPROWL,2300,CAR PROWL,03/07/2013 07:44:00 AM,03/06/2013 08:30:00 PM,03/07/2013 07:10:00 AM,1XX BLOCK OF LEE ST,Q,Q2,7000.1002,-122.353935242,47.630996704,"(47.630996704, -122.353935242)",3,2013
1032264,2014276114,2202,0,BURGLARY-FORCE-RES,2200,BURGLARY,08/19/2014 04:35:00 PM,08/19/2014 07:20:00 AM,08/19/2014 04:35:00 PM,19XX BLOCK OF 11 AV S,R,R1,9300.1025,-122.31829834,47.586154938,"(47.586154938, -122.31829834)",8,2014
887776,201377643,2308,0,THEFT-BUILDING,2300,OTHER PROPERTY,03/07/2013 10:29:00 AM,02/28/2013 10:00:00 PM,,4XX BLOCK OF TERRY AV N,D,D3,7300.3009,-122.337150574,47.622619629,"(47.622619629, -122.337150574)",3,2013
1032266,2015177486,2203,0,BURGLARY-FORCE-NONRES,2200,BURGLARY,05/29/2015 10:34:00 AM,05/25/2015 01:30:00 AM,,13XX BLOCK OF ALASKAN WY,M,M1,8100.3014,-122.340873718,47.606407166,"(47.606407166, -122.340873718)",5,2015
887777,201377651,X,70,NARC-FOUND-MARIJU,X,NARCOTICS,03/07/2013 08:07:00 AM,03/06/2013 07:00:00 PM,,105XX BLOCK OF 5 AV NE,L,L2,1200.3003,-122.323188782,47.70557785,"(47.70557785, -122.323188782)",3,2013
1032268,2015414693,1304,0,ASSLT-AGG-GUN,1300,ASSAULT,11/28/2015 09:16:00 PM,11/28/2015 09:16:00 PM,,90XX BLOCK OF DELRIDGE WY SW,F,F2,11402.1007,-122.35962677,47.522335052,"(47.522335052, -122.35962677)",11,2015
1032269,2015395211,5212,0,WEAPON-POSSESSION,5200,WEAPON,11/12/2015 06:00:00 AM,11/12/2015 06:00:00 AM,,30XX BLOCK OF HARRIS PL S,R,R1,10001.1010,-122.302711487,47.575958252,"(47.575958252, -122.302711487)",11,2015
887778,201377660,2305,0,THEFT-CARPROWL,2300,CAR PROWL,03/07/2013 09:45:00 AM,03/05/2013 05:00:00 PM,03/06/2013 03:00:00 PM,52XX BLOCK OF S MAYFLOWER ST,R,R3,10200.1042,-122.266990662,47.554100037,"(47.554100037, -122.266990662)",3,2013
1032271,2015295281,2305,0,THEFT-CARPROWL,2300,CAR PROWL,08/24/2015 08:00:00 AM,08/23/2015 09:15:00 AM,08/23/2015 09:59:00 AM,XX BLOCK OF LENORA ST,D,D1,8002.2013,-122.344985962,47.611003876,"(47.611003876, -122.344985962)",8,2015
887780,201377402,5015,2,WARRARR-MISDEMEANOR,5000,WARRANT ARREST,03/07/2013 01:21:00 AM,03/07/2013 01:21:00 AM,,110XX BLOCK OF LAKE CITY WY NE,L,L3,1000.1007,-122.300987244,47.709438324,"(47.709438324, -122.300987244)",3,2013
887781,201377717,2316,0,THEFT-MAIL,2300,MAIL THEFT,03/07/2013 10:01:00 AM,03/05/2013 05:00:00 PM,03/06/2013 05:00:00 PM,97XX BLOCK OF 45 AV SW,W,W3,12000.3006,-122.389968872,47.515415192,"(47.515415192, -122.389968872)",3,2013
1032274,201690505,2699,4,THEFT OF SERVICES,2699,THEFT OF SERVICES,03/14/2016 11:40:00 PM,03/14/2016 11:40:00 PM,,84XX BLOCK OF 54 AV S,S,S2,11800.1007,-122.264923096,47.528175354,"(47.528175354, -122.264923096)",3,2016
1032275,2016108950,911,0,HOMICIDE-PREMEDITATED-GUN,900,HOMICIDE,03/30/2016 05:27:00 AM,03/30/2016 05:27:00 AM,,4XX BLOCK OF 2 AV S,K,K3,9200.2004,-122.331390381,47.601074219,"(47.601074219, -122.331390381)",3,2016
1032276,2016105920,X,48,PROPERTY LOST,X,LOST PROPERTY,03/27/2016 03:13:00 PM,03/22/2016 12:00:00 AM,03/26/2016 12:30:00 AM,12XX BLOCK OF S KING ST,G,G3,9000.2017,-122.315315247,47.598335266,"(47.598335266, -122.315315247)",3,2016
1032277,201694739,2303,0,THEFT-SHOPLIFT,2300,SHOPLIFTING,03/18/2016 07:48:00 AM,03/18/2016 07:48:00 AM,,14XX BLOCK OF 2 AV,M,M1,8100.3003,-122.338447571,47.608787537,"(47.608787537, -122.338447571)",3,2016
887782,201377718,2305,0,THEFT-CARPROWL,2300,CAR PROWL,03/07/2013 09:12:00 AM,03/07/2013 06:00:00 AM,03/07/2013 09:00:00 AM,NE 145 ST / 15 AV NE,L,L1,200.4001,-122.31275177,47.733947754,"(47.733947754, -122.31275177)",3,2013
887784,201377833,2305,0,THEFT-CARPROWL,2300,CAR PROWL,03/07/2013 11:14:00 AM,03/06/2013 10:00:00 PM,03/07/2013 09:00:00 AM,16XX BLOCK OF BOYLSTON AV,E,E2,8400.1001,-122.323425293,47.61579895,"(47.61579895, -122.323425293)",3,2013
1032280,2015421238,2203,0,BURGLARY-FORCE-NONRES,2200,BURGLARY,12/04/2015 12:05:00 PM,12/04/2015 12:05:00 PM,12/04/2015 12:05:00 PM,11XX BLOCK OF N 97 ST,N,N3,1300.3014,-122.343978882,47.699615479,"(47.699615479, -122.343978882)",12,2015
1032281,201681183,2299,2,BURGLARY-SECURE PARKING-RES,2299,BURGLARY-SECURE PARKING-RES,03/07/2016 02:23:00 PM,03/04/2016 11:40:00 PM,03/04/2016 11:47:00 PM,3XX BLOCK OF NW 85 ST,J,J1,1701.1017,-122.361984253,47.690631866,"(47.690631866, -122.361984253)",3,2016
887785,201377897,2303,0,THEFT-SHOPLIFT,2300,SHOPLIFTING,03/07/2013 01:08:00 PM,03/07/2013 12:14:00 PM,,19XX BLOCK OF QUEEN ANNE AV N,Q,Q2,6800.2011,-122.356948853,47.636562347,"(47.636562347, -122.356948853)",3,2013
1032283,2016161742,2799,0,EMBEZZLE,2700,EMBEZZLE,05/09/2016 04:11:00 PM,10/23/2015 02:40:00 PM,05/06/2016 12:45:00 PM,5XX BLOCK OF PINE ST,M,M2,8200.1003,-122.335929871,47.611904144,"(47.611904144, -122.335929871)",5,2016
1032284,2016174778,2999,0,PROPERTY DAMAGE - GRAFFITI,2900,PROPERTY DAMAGE,05/19/2016 08:41:00 AM,05/01/2016 06:10:00 PM,05/01/2016 06:20:00 PM,4XX BLOCK OF PINE ST,M,M3,8100.2004,-122.33731842,47.611320496,"(47.611320496, -122.33731842)",5,2016
1032285,2016157773,2204,0,BURGLARY-NOFORCE-RES,2200,BURGLARY,05/06/2016 04:43:00 PM,05/06/2016 06:00:00 AM,05/06/2016 04:30:00 PM,114XX BLOCK OF 9 AV NW,N,N1,500.3016,-122.367446899,47.711776733,"(47.711776733, -122.367446899)",5,2016
887786,201378103,2303,0,THEFT-SHOPLIFT,2300,SHOPLIFTING,03/07/2013 03:18:00 PM,03/07/2013 03:15:00 PM,,45XX BLOCK OF 42 AV SW,W,W2,10500.4002,-122.3854599,47.561988831,"(47.561988831, -122.3854599)",3,2013
1032287,2016166474,1204,0,ROBBERY-STREET-GUN,1200,ROBBERY,05/13/2016 01:14:00 AM,05/13/2016 01:14:00 AM,,7XX BLOCK OF E PIKE ST,E,E2,8400.1006,-122.322753906,47.614055634,"(47.614055634, -122.322753906)",5,2016
1032288,2016133562,2404,1,VEH-THEFT-AUTO,2400,VEHICLE THEFT,04/18/2016 11:55:00 AM,04/18/2016 11:30:00 AM,,6XX BLOCK OF ELLIOTT AV W,Q,Q3,7100.1009,-122.367027283,47.625595093,"(47.625595093, -122.367027283)",4,2016
1032289,2016149745,1305,0,ASSLT-AGG-WEAPON,1300,ASSAULT,04/30/2016 04:35:00 PM,04/30/2016 04:35:00 PM,04/30/2016 04:35:00 PM,3XX BLOCK OF 2 AV S,K,K3,9200.2028,-122.330810547,47.600463867,"(47.600463867, -122.330810547)",4,2016
887787,201378198,2303,0,THEFT-SHOPLIFT,2300,SHOPLIFTING,03/07/2013 04:25:00 PM,03/07/2013 04:25:00 PM,,4XX BLOCK OF NE NORTHGATE WY,L,L2,1200.4010,-122.324615479,47.708602905,"(47.708602905, -122.324615479)",3,2013
1032291,2016264104,2399,1,THEFT-BICYCLE,2300,BIKE THEFT,07/23/2016 05:43:00 PM,07/19/2016 11:00:00 AM,07/19/2016 11:05:00 AM,11XX BLOCK OF MADISON ST,E,E3,8300.1006,-122.324584961,47.60956955,"(47.60956955, -122.324584961)",7,2016
887788,201377912,2399,3,THEFT-OTH,2300,OTHER PROPERTY,03/07/2013 12:51:00 PM,03/07/2013 12:10:00 PM,,4XX BLOCK OF NE NORTHGATE WY,L,L2,1200.4010,-122.324615479,47.708602905,"(47.708602905, -122.324615479)",3,2013
1032293,2016245531,2303,0,THEFT-SHOPLIFT,2300,SHOPLIFTING,07/09/2016 10:57:00 AM,07/09/2016 10:57:00 AM,,3XX BLOCK OF HARRISON ST,Q,Q3,7100.2001,-122.350852966,47.622085571,"(47.622085571, -122.350852966)",7,2016
887789,201377940,2399,3,THEFT-OTH,2300,OTHER PROPERTY,03/07/2013 12:45:00 PM,03/07/2013 12:45:00 PM,,19XX BLOCK OF AURORA AV N,Q,Q2,6700.4022,-122.343910217,47.636749268,"(47.636749268, -122.343910217)",3,2013
1032295,2016238325,2204,0,BURGLARY-NOFORCE-RES,2200,BURGLARY,07/04/2016 12:11:00 PM,07/03/2016 10:00:00 PM,07/04/2016 03:30:00 AM,8XX BLOCK OF E GWINN PL,C,C1,6100.1013,-122.319992065,47.647823334,"(47.647823334, -122.319992065)",7,2016
1032296,2016258175,2303,0,THEFT-SHOPLIFT,2300,SHOPLIFTING,07/19/2016 01:20:00 PM,07/18/2016 08:09:00 PM,,6XX BLOCK OF PINE ST,M,M2,8200.1002,-122.334815979,47.612369537,"(47.612369537, -122.334815979)",7,2016
1032297,2016268843,2399,3,THEFT-OTH,2300,OTHER PROPERTY,07/27/2016 11:27:00 AM,07/26/2016 01:00:00 PM,07/26/2016 04:30:00 PM,7XX BLOCK OF PIKE ST,M,M2,8200.1018,-122.332801819,47.611839294,"(47.611839294, -122.332801819)",7,2016
1032298,2016265287,2404,8,VEH-THEFT-TRUCK,2400,VEHICLE THEFT,07/24/2016 03:44:00 PM,07/21/2016 08:00:00 PM,07/24/2016 03:44:00 PM,50XX BLOCK OF 18 AV NE,U,U1,4400.3009,-122.308311462,47.665634155,"(47.665634155, -122.308311462)",7,2016
887790,201377963,2305,0,THEFT-CARPROWL,2300,CAR PROWL,03/07/2013 02:05:00 PM,03/07/2013 10:00:00 AM,03/07/2013 01:00:00 PM,3XX BLOCK OF 1 AV S,K,K2,9200.2021,-122.334182739,47.599624634,"(47.599624634, -122.334182739)",3,2013
1032300,2016247125,2305,0,THEFT-CARPROWL,2300,CAR PROWL,07/10/2016 05:47:00 PM,07/10/2016 05:47:00 PM,,10XX BLOCK OF S JACKSON ST,G,G1,9100.1012,-122.31842804,47.599185944,"(47.599185944, -122.31842804)",7,2016
1032301,2016267304,2305,0,THEFT-CARPROWL,2300,CAR PROWL,07/26/2016 05:55:00 AM,07/26/2016 05:55:00 AM,,EVANSTON AV N / N 117 ST,N,N1,402.3016,-122.351554871,47.714149475,"(47.714149475, -122.351554871)",7,2016
887791,201377983,2399,3,THEFT-OTH,2300,OTHER PROPERTY,03/07/2013 01:18:00 PM,02/24/2013 12:00:00 AM,03/03/2013 12:00:00 AM,100XX BLOCK OF 35 AV NE,L,L3,1000.2006,-122.290748596,47.702087402,"(47.702087402, -122.290748596)",3,2013
1032303,2016249893,2305,0,THEFT-CARPROWL,2300,CAR PROWL,07/12/2016 07:43:00 PM,07/12/2016 06:07:00 PM,,10XX BLOCK OF S JACKSON ST,G,G1,9100.1012,-122.31842804,47.599185944,"(47.599185944, -122.31842804)",7,2016
1032304,2016249820,2299,2,BURGLARY-SECURE PARKING-RES,2299,BURGLARY-SECURE PARKING-RES,07/12/2016 05:00:00 PM,07/12/2016 02:52:00 AM,,16XX BLOCK OF BELLEVUE AV,E,E1,8400.3006,-122.326797485,47.615779877,"(47.615779877, -122.326797485)",7,2016
887792,201378047,2399,3,THEFT-OTH,2300,OTHER PROPERTY,03/07/2013 02:24:00 PM,03/07/2013 01:30:00 PM,03/07/2013 02:15:00 PM,22XX BLOCK OF NW MARKET ST,B,B1,4700.4009,-122.385559082,47.668678284,"(47.668678284, -122.385559082)",3,2013
1032306,2016202573,2202,0,BURGLARY-FORCE-RES,2200,BURGLARY,06/07/2016 10:37:00 PM,06/07/2016 10:37:00 PM,,132XX BLOCK OF 8 AV NW,N,N1,500.1003,-122.366340637,47.726039886,"(47.726039886, -122.366340637)",6,2016
1032307,2016274495,1206,0,ROBBERY-STREET-BODYFORCE,1200,ROBBERY,07/31/2016 04:16:00 AM,07/31/2016 04:00:00 AM,,78XX BLOCK OF STONE AV N,J,J3,2700.4020,-122.341796875,47.685855865,"(47.685855865, -122.341796875)",7,2016
887794,201378082,2399,3,THEFT-OTH,2300,OTHER PROPERTY,03/07/2013 03:01:00 PM,03/07/2013 03:00:00 PM,,MADISON ST / MINOR AV,E,E3,8300.1005,-122.324035645,47.609802246,"(47.609802246, -122.324035645)",3,2013
1032309,2016229616,2304,1,THEFT-AUTOACC,2300,OTHER PROPERTY,06/28/2016 12:59:00 PM,06/27/2016 07:00:00 PM,06/28/2016 09:00:00 AM,15XX BLOCK OF W BERTONA ST,Q,Q1,5801.4043,-122.376907349,47.650341034,"(47.650341034, -122.376907349)",6,2016
1032310,2016268705,5707,0,TRESPASS,5700,TRESPASS,07/27/2016 07:55:00 AM,07/27/2016 06:17:00 AM,,17XX BLOCK OF BELLEVUE AV,E,E1,7402.3008,-122.326805115,47.616710663,"(47.616710663, -122.326805115)",7,2016
1032311,2016211809,2399,3,THEFT-OTH,2300,OTHER PROPERTY,06/14/2016 06:45:00 PM,06/14/2016 06:18:00 PM,,16XX BLOCK OF E OLIVE WY,E,E1,7402.1006,-122.324829102,47.619274139,"(47.619274139, -122.324829102)",6,2016
1032312,2016260893,2305,0,THEFT-CARPROWL,2300,CAR PROWL,07/21/2016 02:17:00 PM,07/20/2016 06:00:00 PM,07/21/2016 12:00:00 PM,ALASKAN WY S / S WASHINGTON ST,K,K2,9200.2011,-122.335983276,47.600879669,"(47.600879669, -122.335983276)",7,2016
1032313,2016200415,2202,0,BURGLARY-FORCE-RES,2200,BURGLARY,06/06/2016 07:45:00 PM,06/06/2016 02:14:00 PM,,3XX BLOCK OF NW 113 PL,N,N1,500.3015,-122.361976624,47.71156311,"(47.71156311, -122.361976624)",6,2016
887795,201378098,2308,0,THEFT-BUILDING,2300,OTHER PROPERTY,03/07/2013 03:11:00 PM,03/06/2013 11:00:00 PM,,12 AV S / S MAIN ST,G,G1,9100.1004,-122.317192078,47.600013733,"(47.600013733, -122.317192078)",3,2013
887797,201379224,X,69,VEH-RCVD-FOR OTHER AGENCY,X,VEHICLE THEFT,03/08/2013 12:22:00 PM,03/08/2013 12:22:00 PM,,74XX BLOCK OF ROCKERY DR S,S,S1,11001.3009,-122.282546997,47.535438538,"(47.535438538, -122.282546997)",3,2013
1032316,2016270027,2804,0,PROPERTY STOLEN-POSSESS,2800,STOLEN PROPERTY,07/28/2016 03:42:00 AM,07/28/2016 03:42:00 AM,,1XX BLOCK OF DENNY WY,Q,Q3,7100.2019,-122.354797363,47.618598938,"(47.618598938, -122.354797363)",7,2016
887799,201378033,2202,0,BURGLARY-FORCE-RES,2200,BURGLARY,03/07/2013 03:36:00 PM,03/07/2013 02:11:00 PM,,68XX BLOCK OF 51 AV S,S,S2,11102.2008,-122.269920349,47.541149139,"(47.541149139, -122.269920349)",3,2013
887800,201378106,2399,3,THEFT-OTH,2300,OTHER PROPERTY,03/07/2013 03:46:00 PM,03/06/2013 05:00:00 PM,03/06/2013 08:00:00 PM,4XX BLOCK OF NE NORTHGATE WY,L,L2,1200.4010,-122.324615479,47.708602905,"(47.708602905, -122.324615479)",3,2013
1032319,2016268290,1313,0,ASSLT-NONAGG,1300,ASSAULT,07/26/2016 07:48:00 PM,07/26/2016 07:30:00 PM,,14XX BLOCK OF WESTERN AV,M,M1,8100.3012,-122.340667725,47.607860565,"(47.607860565, -122.340667725)",7,2016
1032320,2016228613,1206,0,ROBBERY-STREET-BODYFORCE,1200,ROBBERY,06/27/2016 12:59:00 PM,06/27/2016 12:59:00 PM,,36 AV S / S GENESEE ST,R,R3,10100.5043,-122.287033081,47.564102173,"(47.564102173, -122.287033081)",6,2016
887801,201378180,2305,0,THEFT-CARPROWL,2300,CAR PROWL,03/07/2013 04:50:00 PM,03/05/2013 09:00:00 PM,03/06/2013 09:00:00 AM,15XX BLOCK OF W DRAVUS ST,Q,Q1,5802.2003,-122.377128601,47.648468018,"(47.648468018, -122.377128601)",3,2013
887802,201378250,2903,0,PROPERTY DAMAGE-NON RESIDENTIA,2900,PROPERTY DAMAGE,03/07/2013 05:12:00 PM,03/07/2013 05:12:00 PM,,30XX BLOCK OF E CHERRY ST,G,G2,8800.2016,-122.293106079,47.607982635,"(47.607982635, -122.293106079)",3,2013
1032323,2016322867,2404,1,VEH-THEFT-AUTO,2400,VEHICLE THEFT,09/06/2016 08:15:00 AM,09/06/2016 05:40:00 AM,09/06/2016 08:15:00 AM,45XX BLOCK OF THACKERAY PL NE,B,B3,5200.4010,-122.326164246,47.662258148,"(47.662258148, -122.326164246)",9,2016
1032324,2016323032,3532,0,NARC-POSSESS-COCAINE,3500,NARCOTICS,09/06/2016 10:45:00 AM,09/06/2016 10:45:00 AM,,116XX BLOCK OF AURORA AV N,N,N2,600.3007,-122.344833374,47.713546753,"(47.713546753, -122.344833374)",9,2016
1032325,2016323088,1305,0,ASSLT-AGG-WEAPON,1300,ASSAULT,09/06/2016 11:48:00 AM,09/06/2016 11:45:00 AM,,27XX BLOCK OF RAINIER AV S,R,R2,9500.4004,-122.299156189,47.579673767,"(47.579673767, -122.299156189)",9,2016
1032326,2016323047,2202,0,BURGLARY-FORCE-RES,2200,BURGLARY,09/06/2016 12:15:00 PM,09/06/2016 10:59:00 AM,,67XX BLOCK OF ROOSEVELT WY NE,U,U1,2600.3010,-122.317390442,47.677646637,"(47.677646637, -122.317390442)",9,2016
887804,201378263,2902,0,PROPERTY DAMAGE-RESIDENTIAL,2900,PROPERTY DAMAGE,03/07/2013 05:27:00 PM,03/07/2013 04:30:00 PM,,44XX BLOCK OF 34 AV S,R,R2,10100.4020,-122.290367126,47.563735962,"(47.563735962, -122.290367126)",3,2013
1032328,2016320279,2903,0,PROPERTY DAMAGE-NON RESIDENTIA,2900,PROPERTY DAMAGE,09/04/2016 12:25:00 AM,09/04/2016 12:25:00 AM,,4XX BLOCK OF CEDAR ST,D,D2,7200.3000,-122.347831726,47.617954254,"(47.617954254, -122.347831726)",9,2016
887805,201378303,2399,3,THEFT-OTH,2300,OTHER PROPERTY,03/07/2013 05:59:00 PM,03/07/2013 02:00:00 AM,03/07/2013 09:15:00 AM,27XX BLOCK OF 14 AV S,R,R1,10002.1001,-122.314659119,47.579059601,"(47.579059601, -122.314659119)",3,2013
887806,201378319,2303,0,THEFT-SHOPLIFT,2300,SHOPLIFTING,03/07/2013 06:54:00 PM,03/07/2013 07:15:00 AM,,42XX BLOCK OF SW MORGAN ST,W,W3,10600.3006,-122.386482239,47.544864655,"(47.544864655, -122.386482239)",3,2013
887807,201378356,2903,0,PROPERTY DAMAGE-NON RESIDENTIA,2900,PROPERTY DAMAGE,03/07/2013 07:05:00 PM,03/07/2013 06:42:00 PM,,26XX BLOCK OF NW MARKET ST,B,B1,3200.3007,-122.39150238,47.668663025,"(47.668663025, -122.39150238)",3,2013
1032332,2016322920,2205,0,BURGLARY-NOFORCE-NONRES,2200,BURGLARY,09/06/2016 09:16:00 AM,09/05/2016 06:00:00 PM,09/06/2016 09:00:00 AM,18XX BLOCK OF 12 AV,E,E2,7500.4001,-122.316902161,47.618183136,"(47.618183136, -122.316902161)",9,2016
887808,201378373,2303,0,THEFT-SHOPLIFT,2300,SHOPLIFTING,03/07/2013 07:08:00 PM,03/07/2013 11:55:00 AM,,4XX BLOCK OF NE NORTHGATE WY,L,L2,1200.4010,-122.324615479,47.708602905,"(47.708602905, -122.324615479)",3,2013
887810,201377560,1316,3,THREATS-KILL,1300,THREATS,03/07/2013 06:17:00 AM,03/06/2013 03:00:00 PM,03/06/2013 03:30:00 PM,14XX BLOCK OF S DIRECTOR ST,F,F3,11200.3021,-122.314224243,47.522232056,"(47.522232056, -122.314224243)",3,2013
1032335,2016322120,2404,1,VEH-THEFT-AUTO,2400,VEHICLE THEFT,09/05/2016 05:09:00 PM,09/04/2016 11:59:00 PM,09/05/2016 03:00:00 PM,60XX BLOCK OF FAUNTLEROY WY SW,W,W3,10600.2013,-122.383110046,47.547534943,"(47.547534943, -122.383110046)",9,2016
887812,201378237,2202,0,BURGLARY-FORCE-RES,2200,BURGLARY,03/07/2013 05:06:00 PM,03/07/2013 06:30:00 AM,03/07/2013 05:00:00 PM,100XX BLOCK OF 15 AV NE,L,L2,1200.1022,-122.312278748,47.701705933,"(47.701705933, -122.312278748)",3,2013
1032337,2016322416,2205,0,BURGLARY-NOFORCE-NONRES,2200,BURGLARY,09/05/2016 08:32:00 PM,09/05/2016 08:32:00 PM,,5XX BLOCK OF PINE ST,M,M2,8200.1003,-122.335929871,47.611904144,"(47.611904144, -122.335929871)",9,2016
1032338,2016320969,2202,0,BURGLARY-FORCE-RES,2200,BURGLARY,09/04/2016 04:10:00 PM,09/04/2016 04:10:00 PM,,90XX BLOCK OF 11 AV SW,F,F3,11300.3012,-122.349266052,47.521911621,"(47.521911621, -122.349266052)",9,2016
887813,201378586,2202,0,BURGLARY-FORCE-RES,2200,BURGLARY,03/07/2013 10:30:00 PM,03/07/2013 10:00:00 PM,,140XX BLOCK OF 23 AV NE,L,L1,200.6013,-122.305343628,47.730407715,"(47.730407715, -122.305343628)",3,2013
887814,201378621,2202,0,BURGLARY-FORCE-RES,2200,BURGLARY,03/07/2013 11:02:00 PM,03/07/2013 08:40:00 AM,03/07/2013 11:02:00 PM,50XX BLOCK OF 31 AV S,R,R1,10401.1001,-122.292953491,47.555767059,"(47.555767059, -122.292953491)",3,2013
1032341,2016321820,1206,0,ROBBERY-STREET-BODYFORCE,1200,ROBBERY,09/05/2016 10:30:00 AM,09/04/2016 06:15:00 PM,,90XX BLOCK OF RAINIER AV S,S,S3,11800.6016,-122.269989014,47.522815704,"(47.522815704, -122.269989014)",9,2016
1032342,2016322792,2202,0,BURGLARY-FORCE-RES,2200,BURGLARY,09/06/2016 07:05:00 AM,09/06/2016 12:01:00 AM,09/06/2016 05:00:00 AM,143XX BLOCK OF LINDEN AV N,N,N1,401.1001,-122.347793579,47.733222961,"(47.733222961, -122.347793579)",9,2016
1032343,2016322723,2903,0,PROPERTY DAMAGE-NON RESIDENTIA,2900,PROPERTY DAMAGE,09/06/2016 05:26:00 AM,09/06/2016 04:45:00 AM,09/06/2016 05:10:00 AM,8XX BLOCK OF VIRGINIA ST,D,D2,7300.3022,-122.336166382,47.616054535,"(47.616054535, -122.336166382)",9,2016
1032344,2016321830,2299,2,BURGLARY-SECURE PARKING-RES,2299,BURGLARY-SECURE PARKING-RES,09/05/2016 10:51:00 AM,09/05/2016 10:51:00 AM,,15XX BLOCK OF EASTLAKE AV E,D,D3,6600.1024,-122.325828552,47.633056641,"(47.633056641, -122.325828552)",9,2016
887816,201378727,2203,0,BURGLARY-FORCE-NONRES,2200,BURGLARY,03/08/2013 01:33:00 AM,03/08/2013 01:33:00 AM,,53XX BLOCK OF RAINIER AV S,R,R3,10300.1015,-122.280204773,47.553657532,"(47.553657532, -122.280204773)",3,2013
887817,201379165,2202,0,BURGLARY-FORCE-RES,2200,BURGLARY,03/08/2013 11:23:00 AM,03/01/2013 12:00:00 PM,03/08/2013 11:23:00 AM,102XX BLOCK OF 62 AV S,S,S3,11900.2010,-122.255897522,47.508953094,"(47.508953094, -122.255897522)",3,2013
1032347,2016323244,3530,0,NARC-SELL-COCAINE,3500,NARCOTICS,09/06/2016 01:35:00 PM,09/06/2016 01:35:00 PM,,19XX BLOCK OF WESTERN AV,M,M1,8100.3011,-122.342880249,47.60981369,"(47.60981369, -122.342880249)",9,2016
887818,201379713,2202,0,BURGLARY-FORCE-RES,2200,BURGLARY,03/08/2013 08:25:00 PM,03/08/2013 04:15:00 PM,03/08/2013 08:20:00 PM,50XX BLOCK OF 9 AV NE,U,U1,4500.1010,-122.31842804,47.666027069,"(47.666027069, -122.31842804)",3,2013
1032349,2016323561,2404,1,VEH-THEFT-AUTO,2400,VEHICLE THEFT,09/06/2016 05:02:00 PM,09/06/2016 08:45:00 AM,09/06/2016 04:45:00 PM,1XX BLOCK OF DENNY WY,Q,Q3,7100.2004,-122.353752136,47.618595123,"(47.618595123, -122.353752136)",9,2016
1032350,2016323415,X,47,PROPERTY FOUND,X,STOLEN PROPERTY,09/06/2016 03:39:00 PM,09/03/2016 07:00:00 PM,,SW NEVADA ST / 28 AV SW,W,W1,9900.4093,-122.368125916,47.565441132,"(47.565441132, -122.368125916)",9,2016
1032351,2016321760,2204,0,BURGLARY-NOFORCE-RES,2200,BURGLARY,09/05/2016 09:50:00 AM,09/05/2016 09:50:00 AM,,5XX BLOCK OF S CLOVERDALE ST,F,F3,11200.1022,-122.326896667,47.526477814,"(47.526477814, -122.326896667)",9,2016
887819,201379737,2903,0,PROPERTY DAMAGE-NON RESIDENTIA,2900,PROPERTY DAMAGE,03/08/2013 08:54:00 PM,03/08/2013 08:15:00 PM,03/08/2013 08:45:00 PM,85XX BLOCK OF 5 AV NE,L,L2,1900.3019,-122.323005676,47.690853119,"(47.690853119, -122.323005676)",3,2013
1032353,2016317662,2202,0,BURGLARY-FORCE-RES,2200,BURGLARY,09/02/2016 03:02:00 AM,09/02/2016 03:02:00 AM,,11XX BLOCK OF 4 AV,K,K1,8100.2022,-122.333885193,47.607158661,"(47.607158661, -122.333885193)",9,2016
887820,201379749,2399,3,THEFT-OTH,2300,OTHER PROPERTY,03/08/2013 09:53:00 PM,03/08/2013 04:00:00 PM,03/08/2013 06:30:00 PM,52XX BLOCK OF 16 AV SW,F,F1,10800.1005,-122.354789734,47.554973602,"(47.554973602, -122.354789734)",3,2013
1032355,2016319600,2202,0,BURGLARY-FORCE-RES,2200,BURGLARY,09/03/2016 02:11:00 PM,09/03/2016 02:11:00 PM,,47XX BLOCK OF 54 AV S,R,R3,10200.1002,-122.265678406,47.560024261,"(47.560024261, -122.265678406)",9,2016
1032356,2016318538,2202,0,BURGLARY-FORCE-RES,2200,BURGLARY,09/02/2016 06:11:00 PM,09/01/2016 11:45:00 PM,09/02/2016 07:45:00 AM,11XX BLOCK OF 22 AV E,C,C2,6400.3008,-122.303535461,47.629623413,"(47.629623413, -122.303535461)",9,2016
887821,201378486,2305,0,THEFT-CARPROWL,2300,CAR PROWL,03/07/2013 09:07:00 PM,03/07/2013 02:00:00 PM,03/07/2013 06:15:00 PM,9XX BLOCK OF E YESLER WY,G,G1,9100.1003,-122.320159912,47.601699829,"(47.601699829, -122.320159912)",3,2013
887822,201378495,2305,0,THEFT-CARPROWL,2300,CAR PROWL,03/07/2013 09:22:00 PM,03/07/2013 08:00:00 PM,03/07/2013 09:00:00 PM,N 35 ST / PHINNEY AV N,B,B2,4800.3053,-122.354476929,47.651409149,"(47.651409149, -122.354476929)",3,2013
1032359,2016318874,2308,0,THEFT-BUILDING,2300,OTHER PROPERTY,09/02/2016 11:14:00 PM,09/02/2016 11:14:00 PM,,7XX BLOCK OF MINOR AV,E,E3,8500.2001,-122.322395325,47.608016968,"(47.608016968, -122.322395325)",9,2016
887823,201379035,2399,3,THEFT-OTH,2300,OTHER PROPERTY,03/08/2013 10:16:00 AM,02/20/2013 09:00:00 AM,03/08/2013 10:16:00 AM,17XX BLOCK OF NW 58 ST,B,B1,4700.3004,-122.38054657,47.670906067,"(47.670906067, -122.38054657)",3,2013
1032361,2016320567,2308,0,THEFT-BUILDING,2300,OTHER PROPERTY,09/04/2016 08:41:00 AM,09/04/2016 12:01:00 AM,09/04/2016 08:30:00 AM,52XX BLOCK OF 20 AV NE,U,U1,4302.1003,-122.306495667,47.667217255,"(47.667217255, -122.306495667)",9,2016
1032362,2016319704,3540,1,NARC-SELL-METH,3500,NARCOTICS,09/03/2016 06:14:00 PM,09/03/2016 04:00:00 PM,,9XX BLOCK OF NW LEARY WY,B,B2,4700.2059,-122.370491028,47.663658142,"(47.663658142, -122.370491028)",9,2016
887824,201378565,2305,0,THEFT-CARPROWL,2300,CAR PROWL,03/07/2013 10:23:00 PM,03/07/2013 07:00:00 PM,03/07/2013 09:00:00 PM,11XX BLOCK OF ALASKAN WY,K,K1,8100.1023,-122.339431763,47.604831696,"(47.604831696, -122.339431763)",3,2013
1032364,2016318560,2308,0,THEFT-BUILDING,2300,OTHER PROPERTY,09/02/2016 06:25:00 PM,09/02/2016 06:25:00 PM,,28XX BLOCK OF RAINIER AV S,R,R2,10001.1003,-122.297836304,47.57793808,"(47.57793808, -122.297836304)",9,2016
1032365,2016318913,X,47,PROPERTY FOUND,X,STOLEN PROPERTY,09/02/2016 11:54:00 PM,09/02/2016 11:54:00 PM,,8XX BLOCK OF CONVENTION PL,M,M2,8200.1011,-122.331443787,47.611709595,"(47.611709595, -122.331443787)",9,2016
1032366,2016321139,2204,0,BURGLARY-NOFORCE-RES,2200,BURGLARY,09/04/2016 07:16:00 PM,09/04/2016 07:16:00 PM,,41XX BLOCK OF 12 AV NE,U,U2,5301.4002,-122.315536499,47.657604218,"(47.657604218, -122.315536499)",9,2016
1032367,2016321409,2404,8,VEH-THEFT-TRUCK,2400,VEHICLE THEFT,09/05/2016 02:20:00 AM,09/04/2016 12:30:00 PM,09/04/2016 11:45:00 PM,2XX BLOCK OF 2 AV N,Q,Q3,7100.2001,-122.352828979,47.620342255,"(47.620342255, -122.352828979)",9,2016
1032368,2016319773,X,47,PROPERTY FOUND,X,STOLEN PROPERTY,09/03/2016 05:03:00 PM,09/03/2016 05:03:00 PM,,8XX BLOCK OF VIRGINIA ST,D,D2,7300.3022,-122.336166382,47.616054535,"(47.616054535, -122.336166382)",9,2016
1032369,2016320467,X,47,PROPERTY FOUND,X,STOLEN PROPERTY,09/04/2016 04:52:00 AM,09/04/2016 04:52:00 AM,,3 AV / SENECA ST,M,M3,8100.2034,-122.335327148,47.607051849,"(47.607051849, -122.335327148)",9,2016
887825,201378958,2305,0,THEFT-CARPROWL,2300,CAR PROWL,03/08/2013 07:33:00 AM,03/08/2013 07:13:00 AM,03/08/2013 07:33:00 AM,58XX BLOCK OF LAKE WASHINGTON BV S,R,R3,10200.2034,-122.258071899,47.550617218,"(47.550617218, -122.258071899)",3,2013
1032371,2016319416,2204,0,BURGLARY-NOFORCE-RES,2200,BURGLARY,09/03/2016 11:43:00 AM,09/03/2016 11:43:00 AM,,36XX BLOCK OF DAYTON AV N,B,B2,4900.3011,-122.352355957,47.652954102,"(47.652954102, -122.352355957)",9,2016
1032372,2016320638,2202,0,BURGLARY-FORCE-RES,2200,BURGLARY,09/04/2016 10:32:00 AM,09/04/2016 10:32:00 AM,,47XX BLOCK OF 13 AV S,R,R1,10402.4003,-122.316078186,47.560565948,"(47.560565948, -122.316078186)",9,2016
887826,201379727,2303,0,THEFT-SHOPLIFT,2300,SHOPLIFTING,03/08/2013 08:38:00 PM,03/08/2013 08:38:00 PM,,6XX BLOCK OF PINE ST,M,M3,8200.1005,-122.334815979,47.612369537,"(47.612369537, -122.334815979)",3,2013
1032374,2016318910,1305,0,ASSLT-AGG-WEAPON,1300,ASSAULT,09/02/2016 11:49:00 PM,09/02/2016 11:49:00 PM,,22XX BLOCK OF 1 AV,D,D1,8002.2005,-122.345863342,47.612991333,"(47.612991333, -122.345863342)",9,2016
1032375,2016320730,1313,2,ASSLT-NONAGG-POLICE,1300,ASSAULT,09/04/2016 12:13:00 PM,09/04/2016 12:13:00 PM,,5XX BLOCK OF 3 AV,K,K2,8100.2042,-122.331085205,47.602413177,"(47.602413177, -122.331085205)",9,2016
1032376,2016320568,2203,0,BURGLARY-FORCE-NONRES,2200,BURGLARY,09/04/2016 08:50:00 AM,09/04/2016 08:50:00 AM,,45XX BLOCK OF S KENNY ST,R,R3,10300.2011,-122.276199341,47.548946381,"(47.548946381, -122.276199341)",9,2016
887827,201379011,2305,0,THEFT-CARPROWL,2300,CAR PROWL,03/08/2013 08:30:00 AM,03/08/2013 08:30:00 AM,,117XX BLOCK OF 17 AV NE,L,L1,700.4006,-122.309837341,47.714859009,"(47.714859009, -122.309837341)",3,2013
1032378,2016319374,2599,0,COUNTERFEIT,2500,COUNTERFEIT,09/03/2016 11:06:00 AM,09/03/2016 11:06:00 AM,,3 AV / JAMES ST,K,K1,8100.2041,-122.33140564,47.602767944,"(47.602767944, -122.33140564)",9,2016
1032379,2016322868,5212,0,WEAPON-POSSESSION,5200,WEAPON,09/06/2016 08:21:00 AM,09/06/2016 08:21:00 AM,,48XX BLOCK OF BEACON AV S,R,R2,10001.3000,-122.304458618,47.559875488,"(47.559875488, -122.304458618)",9,2016
887828,201379322,2399,3,THEFT-OTH,2300,OTHER PROPERTY,03/08/2013 02:24:00 PM,03/08/2013 12:20:00 PM,03/08/2013 12:57:00 PM,12XX BLOCK OF 4 AV,M,M3,8100.2020,-122.334541321,47.607872009,"(47.607872009, -122.334541321)",3,2013
1032381,2016314798,2802,0,PROPERTY STOLEN-TRAFFICKING,2800,STOLEN PROPERTY,08/30/2016 08:32:00 PM,08/30/2016 08:32:00 PM,,24XX BLOCK OF NE 65 ST,U,U1,2500.2016,-122.30116272,47.675773621,"(47.675773621, -122.30116272)",8,2016
1032382,2016314085,1306,0,ASSLT-AGG-BODYFORCE,1300,ASSAULT,08/30/2016 09:30:00 AM,08/30/2016 09:30:00 AM,,5XX BLOCK OF 3 AV,K,K2,8100.2042,-122.331085205,47.602413177,"(47.602413177, -122.331085205)",8,2016
1032383,2016320752,2305,0,THEFT-CARPROWL,2300,CAR PROWL,09/04/2016 12:34:00 PM,09/04/2016 12:34:00 PM,,7XX BLOCK OF N 101 ST,N,N3,1300.3003,-122.348693848,47.702167511,"(47.702167511, -122.348693848)",9,2016
1032384,2016320672,2399,3,THEFT-OTH,2300,OTHER PROPERTY,09/04/2016 11:16:00 AM,09/04/2016 01:00:00 AM,,10XX BLOCK OF E PIKE ST,E,E2,7500.4014,-122.31879425,47.614089966,"(47.614089966, -122.31879425)",9,2016
1032385,2016320164,5707,0,TRESPASS,5700,TRESPASS,09/03/2016 10:34:00 PM,09/03/2016 10:34:00 PM,,11XX BLOCK OF 16 AV,C,C3,7900.3002,-122.311477661,47.612224579,"(47.612224579, -122.311477661)",9,2016
887829,201379527,2399,3,THEFT-OTH,2300,OTHER PROPERTY,03/08/2013 05:33:00 PM,03/08/2013 08:00:00 AM,03/08/2013 12:00:00 PM,9XX BLOCK OF SENECA ST,E,E3,8300.1003,-122.328109741,47.610069275,"(47.610069275, -122.328109741)",3,2013
1032387,2016322086,2203,0,BURGLARY-FORCE-NONRES,2200,BURGLARY,09/05/2016 05:38:00 PM,09/03/2016 05:00:00 PM,09/05/2016 11:00:00 AM,24XX BLOCK OF E UNION ST,C,C3,8800.1007,-122.300765991,47.612941742,"(47.612941742, -122.300765991)",9,2016
1032388,2016323270,1305,0,ASSLT-AGG-WEAPON,1300,ASSAULT,09/06/2016 01:59:00 PM,09/06/2016 01:59:00 PM,,1XX BLOCK OF 16 AV E,C,C1,7600.3011,-122.311416626,47.619094849,"(47.619094849, -122.311416626)",9,2016
1032389,2016320965,2204,0,BURGLARY-NOFORCE-RES,2200,BURGLARY,09/04/2016 04:07:00 PM,09/04/2016 04:07:00 PM,,8XX BLOCK OF 33 AV,C,C3,7800.2019,-122.29044342,47.609844208,"(47.609844208, -122.29044342)",9,2016
1032390,2016322281,X,47,PROPERTY FOUND,X,STOLEN PROPERTY,09/05/2016 06:17:00 PM,09/05/2016 06:17:00 PM,,8XX BLOCK OF VIRGINIA ST,D,D2,7300.3022,-122.336166382,47.616054535,"(47.616054535, -122.336166382)",9,2016
887830,201378218,2304,1,THEFT-AUTOACC,2300,OTHER PROPERTY,03/07/2013 05:17:00 PM,03/07/2013 12:00:00 PM,03/07/2013 02:00:00 PM,44XX BLOCK OF 48 AV SW,W,W2,9702.3004,-122.393463135,47.563873291,"(47.563873291, -122.393463135)",3,2013
1032392,2016322067,2299,2,BURGLARY-SECURE PARKING-RES,2299,BURGLARY-SECURE PARKING-RES,09/05/2016 02:39:00 PM,09/04/2016 12:00:00 PM,09/05/2016 08:00:00 AM,10XX BLOCK OF NE 88 ST,L,L2,2000.3012,-122.316253662,47.692184448,"(47.692184448, -122.316253662)",9,2016
887831,201378306,2308,0,THEFT-BUILDING,2300,OTHER PROPERTY,03/08/2013 03:37:00 PM,12/01/2012 12:00:00 PM,03/08/2013 03:00:00 PM,51XX BLOCK OF 9 AV NW,B,B2,4700.2016,-122.368606567,47.666057587,"(47.666057587, -122.368606567)",3,2013
1032394,2016315745,2399,1,THEFT-BICYCLE,2300,BIKE THEFT,08/31/2016 04:24:00 PM,08/29/2016 09:00:00 PM,08/30/2016 07:30:00 AM,24XX BLOCK OF E SPRING ST,C,C3,8800.1010,-122.30078125,47.61157608,"(47.61157608, -122.30078125)",8,2016
887832,201378568,2902,0,PROPERTY DAMAGE-RESIDENTIAL,2900,PROPERTY DAMAGE,03/08/2013 12:15:00 AM,03/07/2013 12:00:00 PM,03/07/2013 09:45:00 PM,44XX BLOCK OF 48 AV SW,W,W2,9702.3003,-122.393463135,47.563873291,"(47.563873291, -122.393463135)",3,2013
887833,201378573,2999,0,PROPERTY DAMAGE - GRAFFITI,2900,PROPERTY DAMAGE,03/07/2013 10:13:00 PM,03/07/2013 10:06:00 PM,,9XX BLOCK OF JEFFERSON ST,G,G1,8500.2010,-122.323539734,47.605072021,"(47.605072021, -122.323539734)",3,2013
887834,201378575,2399,3,THEFT-OTH,2300,OTHER PROPERTY,03/07/2013 10:16:00 PM,03/06/2013 10:00:00 PM,,8XX BLOCK OF OCCIDENTAL AV S,K,K2,9300.2016,-122.333267212,47.596782684,"(47.596782684, -122.333267212)",3,2013
1032398,2016315909,1204,0,ROBBERY-STREET-GUN,1200,ROBBERY,08/31/2016 04:29:00 PM,08/31/2016 04:25:00 PM,,83XX BLOCK OF 14 AV NW,J,J2,3000.2003,-122.374099731,47.689678192,"(47.689678192, -122.374099731)",8,2016
887835,201379505,X,69,VEH-RCVD-FOR OTHER AGENCY,X,VEHICLE THEFT,03/08/2013 05:06:00 PM,03/08/2013 05:06:00 PM,,52XX BLOCK OF 23 AV SW,F,F1,10800.3009,-122.361747742,47.55475235,"(47.55475235, -122.361747742)",3,2013
887837,201379008,2903,0,PROPERTY DAMAGE-NON RESIDENTIA,2900,PROPERTY DAMAGE,03/08/2013 08:30:00 AM,03/07/2013 06:00:00 PM,03/08/2013 08:00:00 AM,2XX BLOCK OF 25 AV S,G,G3,8900.3022,-122.299858093,47.600078583,"(47.600078583, -122.299858093)",3,2013
1032401,2016316137,1205,0,ROBBERY-STREET-WEAPON,1200,ROBBERY,08/31/2016 07:15:00 PM,08/29/2016 08:00:00 AM,08/29/2016 08:00:00 AM,48XX BLOCK OF S OTHELLO ST,S,S2,11102.3000,-122.271461487,47.536952972,"(47.536952972, -122.271461487)",8,2016
1032402,2016316011,X,6,ANIMAL-OTH,X,ANIMAL COMPLAINT,08/31/2016 05:36:00 PM,08/31/2016 05:36:00 PM,,4XX BLOCK OF BROADWAY,G,G1,8600.2016,-122.320747375,47.60572052,"(47.60572052, -122.320747375)",8,2016
887838,201379013,2902,0,PROPERTY DAMAGE-RESIDENTIAL,2900,PROPERTY DAMAGE,03/08/2013 10:24:00 AM,03/07/2013 05:30:00 AM,03/08/2013 07:50:00 AM,60XX BLOCK OF ATLAS PL SW,W,W3,10600.5014,-122.396110535,47.549030304,"(47.549030304, -122.396110535)",3,2013
887839,201379017,2999,0,PROPERTY DAMAGE - GRAFFITI,2900,PROPERTY DAMAGE,03/08/2013 08:32:00 AM,03/06/2013 12:00:00 AM,03/07/2013 11:59:00 PM,E LYNN ST / 19 AV E,C,C2,6200.2030,-122.307266235,47.639549255,"(47.639549255, -122.307266235)",3,2013
1032405,2016315806,2305,0,THEFT-CARPROWL,2300,CAR PROWL,08/31/2016 03:15:00 PM,03/30/2016 08:00:00 PM,08/31/2016 06:30:00 AM,25XX BLOCK OF BOYER AV E,C,C2,6100.2020,-122.315742493,47.642608643,"(47.642608643, -122.315742493)",8,2016
1032406,2016316306,1305,0,ASSLT-AGG-WEAPON,1300,ASSAULT,08/31/2016 10:14:00 PM,08/31/2016 10:14:00 PM,08/31/2016 10:14:00 PM,9XX BLOCK OF E PIKE ST,E,E2,7500.4015,-122.320114136,47.614078522,"(47.614078522, -122.320114136)",8,2016
1032407,2016316075,2202,0,BURGLARY-FORCE-RES,2200,BURGLARY,08/31/2016 06:18:00 PM,08/31/2016 06:18:00 PM,,122XX BLOCK OF PALATINE AV N,N,N1,402.4004,-122.35723114,47.718742371,"(47.718742371, -122.35723114)",8,2016
1032408,2016322994,3542,1,NARC-POSSESS-METH,3500,NARCOTICS,09/06/2016 10:15:00 AM,09/06/2016 10:15:00 AM,,4 AV / OLIVE WY,M,M2,8100.2003,-122.338546753,47.612178802,"(47.612178802, -122.338546753)",9,2016
1032409,2016323015,3542,1,NARC-POSSESS-METH,3500,NARCOTICS,09/06/2016 10:32:00 AM,09/06/2016 10:32:00 AM,,3XX BLOCK OF LENORA ST,D,D1,7200.1068,-122.341766357,47.613498688,"(47.613498688, -122.341766357)",9,2016
1032410,2016322353,2202,0,BURGLARY-FORCE-RES,2200,BURGLARY,09/05/2016 08:28:00 PM,09/03/2016 09:00:00 AM,09/05/2016 07:00:00 PM,5XX BLOCK OF 5 AV W,Q,Q3,7100.1003,-122.363243103,47.624069214,"(47.624069214, -122.363243103)",9,2016
1032411,2016321949,2299,2,BURGLARY-SECURE PARKING-RES,2299,BURGLARY-SECURE PARKING-RES,09/05/2016 12:48:00 PM,09/04/2016 10:00:00 PM,09/05/2016 12:30:00 PM,42XX BLOCK OF 12 AV NE,U,U2,5301.3006,-122.315498352,47.65908432,"(47.65908432, -122.315498352)",9,2016
1032412,2016319949,2303,0,THEFT-SHOPLIFT,2300,SHOPLIFTING,09/03/2016 07:39:00 PM,09/03/2016 02:18:00 PM,,1XX BLOCK OF BLANCHARD ST,D,D1,8002.1005,-122.344779968,47.612937927,"(47.612937927, -122.344779968)",9,2016
1032413,2016323439,1203,3,ROBBERY-BUSINESS-BODYFORCE,1200,ROBBERY,09/06/2016 03:56:00 PM,09/06/2016 03:56:00 PM,09/06/2016 03:56:00 PM,132XX BLOCK OF AURORA AV N,N,N2,401.1009,-122.344993591,47.725036621,"(47.725036621, -122.344993591)",9,2016
887840,201379025,2399,3,THEFT-OTH,2300,OTHER PROPERTY,03/08/2013 08:43:00 AM,03/01/2013 08:00:00 AM,03/02/2013 08:00:00 PM,86XX BLOCK OF 9 AV SW,F,F3,11300.4012,-122.346740723,47.525558472,"(47.525558472, -122.346740723)",3,2013
887841,201379087,2304,1,THEFT-AUTOACC,2300,OTHER PROPERTY,03/08/2013 02:18:00 PM,03/06/2013 06:00:00 PM,03/07/2013 08:00:00 AM,20XX BLOCK OF MINOR AV E,D,D3,6600.2007,-122.328361511,47.637508392,"(47.637508392, -122.328361511)",3,2013
887842,201379094,2305,0,THEFT-CARPROWL,2300,CAR PROWL,03/08/2013 10:50:00 AM,03/07/2013 06:00:00 PM,03/08/2013 08:40:00 AM,22XX BLOCK OF GILMAN DR W,Q,Q2,6900.4006,-122.373374939,47.6391716,"(47.6391716, -122.373374939)",3,2013
1032417,2016322904,2299,1,BURGLARY-SECURE PARKING-NONRES,2200,BURGLARY,09/06/2016 08:53:00 AM,09/04/2016 06:00:00 PM,09/06/2016 08:30:00 AM,29XX BLOCK OF 1 AV,D,D1,8001.1002,-122.353172302,47.61730957,"(47.61730957, -122.353172302)",9,2016
1032418,2016320746,X,47,PROPERTY FOUND,X,STOLEN PROPERTY,09/04/2016 12:24:00 PM,09/04/2016 12:24:00 PM,,44XX BLOCK OF SW OTHELLO ST,W,W3,11600.6012,-122.38899231,47.538089752,"(47.538089752, -122.38899231)",9,2016
1032419,2016318262,2299,2,BURGLARY-SECURE PARKING-RES,2299,BURGLARY-SECURE PARKING-RES,09/02/2016 02:51:00 PM,09/02/2016 02:51:00 PM,,30XX BLOCK OF WESTERN AV,D,D1,8001.3019,-122.35533905,47.617420197,"(47.617420197, -122.35533905)",9,2016
887843,201379109,2304,1,THEFT-AUTOACC,2300,OTHER PROPERTY,03/08/2013 10:27:00 AM,03/04/2013 06:00:00 PM,03/05/2013 09:00:00 AM,21XX BLOCK OF 8 AV W,Q,Q2,6900.4000,-122.367637634,47.638679504,"(47.638679504, -122.367637634)",3,2013
1032421,2016318850,2305,0,THEFT-CARPROWL,2300,CAR PROWL,09/02/2016 10:51:00 PM,09/02/2016 10:51:00 PM,,4XX BLOCK OF MERCER ST,Q,Q3,7200.1015,-122.348220825,47.62456131,"(47.62456131, -122.348220825)",9,2016
1032422,2016321149,1206,0,ROBBERY-STREET-BODYFORCE,1200,ROBBERY,09/04/2016 07:24:00 PM,09/04/2016 07:24:00 PM,,OCCIDENTAL AV S / YESLER WY,K,K2,8100.1057,-122.332870483,47.601718903,"(47.601718903, -122.332870483)",9,2016
1032423,2016321018,1305,0,ASSLT-AGG-WEAPON,1300,ASSAULT,09/04/2016 04:57:00 PM,09/04/2016 04:55:00 PM,,S JACKSON ST / 12 AV S,G,G3,9100.1004,-122.317222595,47.599185944,"(47.599185944, -122.317222595)",9,2016
1032424,2016288804,3571,0,NARC-SELL-AMPHETAMINE,3500,NARCOTICS,08/10/2016 09:56:00 PM,08/10/2016 09:56:00 PM,,2 AV / JAMES ST,K,K1,8100.2043,-122.332519531,47.602306366,"(47.602306366, -122.332519531)",8,2016
1032425,2016302221,1209,0,ROBBERY-RESIDENCE-BODYFORCE,1200,ROBBERY,08/21/2016 12:47:00 PM,08/21/2016 10:15:00 AM,,62XX BLOCK OF 26 AV NW,B,B1,3200.2002,-122.390136719,47.674186707,"(47.674186707, -122.390136719)",8,2016
1032426,2016323684,1313,0,ASSLT-NONAGG,1300,ASSAULT,09/06/2016 07:04:00 PM,09/06/2016 06:30:00 PM,,7XX BLOCK OF S DIRECTOR ST,F,F3,11200.1031,-122.325317383,47.522262573,"(47.522262573, -122.325317383)",9,2016
1032427,2016321749,2308,0,THEFT-BUILDING,2300,OTHER PROPERTY,09/05/2016 09:45:00 AM,08/24/2016 10:00:00 AM,,29XX BLOCK OF 1 AV,D,D1,8001.1002,-122.353172302,47.61730957,"(47.61730957, -122.353172302)",9,2016
887844,201379138,2799,0,EMBEZZLE,2700,EMBEZZLE,03/08/2013 10:54:00 AM,03/08/2013 10:54:00 AM,,77XX BLOCK OF 63 AV NE,U,U3,4000.1006,-122.261665344,47.685504913,"(47.685504913, -122.261665344)",3,2013
1032429,2016284967,1201,2,ROBBERY-BUSINESS-GUN,1200,ROBBERY,08/07/2016 10:21:00 PM,08/07/2016 10:21:00 PM,,3XX BLOCK OF NW 85 ST,J,J1,1701.1017,-122.361984253,47.690631866,"(47.690631866, -122.361984253)",8,2016
1032430,2016305837,2204,0,BURGLARY-NOFORCE-RES,2200,BURGLARY,08/24/2016 09:10:00 AM,08/23/2016 11:00:00 PM,08/24/2016 09:10:00 AM,11XX BLOCK OF 18 AV E,C,C2,6400.2005,-122.308609009,47.629638672,"(47.629638672, -122.308609009)",8,2016
887845,2013900254,2903,0,PROPERTY DAMAGE-NON RESIDENTIA,2900,PROPERTY DAMAGE,03/08/2013 04:41:00 PM,03/05/2013 03:10:00 AM,03/07/2013 03:10:00 AM,83XX BLOCK OF 13 AV NW,J,J2,3000.2002,-122.372756958,47.689682007,"(47.689682007, -122.372756958)",3,2013
1032432,2016321896,2902,0,PROPERTY DAMAGE-RESIDENTIAL,2900,PROPERTY DAMAGE,09/05/2016 01:08:00 PM,09/04/2016 08:00:00 PM,09/05/2016 10:00:00 AM,27XX BLOCK OF 4 AV,D,D2,7200.3001,-122.348503113,47.61807251,"(47.61807251, -122.348503113)",9,2016
1032433,2016277231,999,5,HOMICIDE-NEG-MANS-GUN,900,HOMICIDE,08/02/2016 09:21:00 AM,08/01/2016 11:00:00 PM,08/02/2016 09:21:00 AM,28XX BLOCK OF E ARTHUR PL,C,C3,7700.1006,-122.295555115,47.623245239,"(47.623245239, -122.295555115)",8,2016
1032434,2016292695,2303,0,THEFT-SHOPLIFT,2300,SHOPLIFTING,08/13/2016 04:52:00 PM,08/13/2016 04:52:00 PM,,5XX BLOCK OF PINE ST,M,M2,8200.1003,-122.335929871,47.611904144,"(47.611904144, -122.335929871)",8,2016
1032435,2016318114,2903,0,PROPERTY DAMAGE-NON RESIDENTIA,2900,PROPERTY DAMAGE,09/02/2016 12:57:00 PM,09/02/2016 12:57:00 PM,09/02/2016 12:57:00 PM,25XX BLOCK OF RAINIER AV S,R,R2,10001.1000,-122.299156189,47.579673767,"(47.579673767, -122.299156189)",9,2016
1032436,2016308134,X,47,PROPERTY FOUND,X,STOLEN PROPERTY,08/25/2016 05:00:00 PM,08/24/2016 10:00:00 PM,,42XX BLOCK OF NE 33 ST,U,U3,4100.6017,-122.279823303,47.652378082,"(47.652378082, -122.279823303)",8,2016
1032437,2016316996,2305,0,THEFT-CARPROWL,2300,CAR PROWL,09/01/2016 08:42:00 PM,08/31/2016 11:38:00 PM,09/01/2016 08:00:00 AM,29XX BLOCK OF S LANE ST,G,G3,8900.2007,-122.294204712,47.596683502,"(47.596683502, -122.294204712)",9,2016
1032438,2016291044,2304,2,THEFT-LICENSE PLATE,2300,OTHER PROPERTY,08/12/2016 12:52:00 PM,08/11/2016 07:00:00 PM,08/12/2016 12:00:00 PM,39 AV S / S KENYON ST,S,S1,11001.3033,-122.283195496,47.531539917,"(47.531539917, -122.283195496)",8,2016
1032439,2016286200,5015,1,WARRARR-FELONY,5000,WARRANT ARREST,08/08/2016 09:59:00 PM,08/08/2016 09:59:00 PM,,14XX BLOCK OF BROADWAY,E,E2,8400.1008,-122.320770264,47.613517761,"(47.613517761, -122.320770264)",8,2016
1032440,2016308394,4999,0,ELUDING-FELONY FLIGHT,4900,ELUDING,08/26/2016 01:15:00 AM,08/26/2016 01:15:00 AM,,5XX BLOCK OF S KING ST,K,K3,9100.2002,-122.327018738,47.59835434,"(47.59835434, -122.327018738)",8,2016
1032441,2016303552,2303,0,THEFT-SHOPLIFT,2300,SHOPLIFTING,08/22/2016 02:51:00 PM,08/21/2016 01:40:00 PM,,16XX BLOCK OF E MADISON ST,C,C1,7900.4001,-122.310661316,47.615379333,"(47.615379333, -122.310661316)",8,2016
887846,201379174,2399,3,THEFT-OTH,2300,OTHER PROPERTY,03/08/2013 12:25:00 PM,03/08/2013 11:30:00 AM,,50XX BLOCK OF 15 AV NE,U,U1,4400.4009,-122.311927795,47.665660858,"(47.665660858, -122.311927795)",3,2013
1032443,2016286497,2303,0,THEFT-SHOPLIFT,2300,SHOPLIFTING,08/09/2016 07:22:00 AM,08/09/2016 07:22:00 AM,,24XX BLOCK OF S JACKSON ST,G,G3,8900.3023,-122.300514221,47.599277496,"(47.599277496, -122.300514221)",8,2016
887847,201379217,2999,0,PROPERTY DAMAGE - GRAFFITI,2900,PROPERTY DAMAGE,03/08/2013 01:08:00 PM,02/22/2013 12:00:00 PM,03/08/2013 12:00:00 PM,25XX BLOCK OF S DEARBORN ST,G,G3,8900.4005,-122.299560547,47.595558167,"(47.595558167, -122.299560547)",3,2013
1032445,2016292051,2203,0,BURGLARY-FORCE-NONRES,2200,BURGLARY,08/13/2016 04:08:00 AM,08/13/2016 04:00:00 AM,08/13/2016 04:08:00 AM,45XX BLOCK OF ROOSEVELT WY NE,U,U2,5200.5009,-122.317451477,47.662200928,"(47.662200928, -122.317451477)",8,2016
1032446,2016303163,2203,0,BURGLARY-FORCE-NONRES,2200,BURGLARY,08/22/2016 09:00:00 AM,08/21/2016 12:30:00 PM,08/22/2016 09:00:00 AM,85XX BLOCK OF GREENWOOD AV N,J,J1,1701.1004,-122.355308533,47.691505432,"(47.691505432, -122.355308533)",8,2016
887848,201379246,2999,0,PROPERTY DAMAGE - GRAFFITI,2900,PROPERTY DAMAGE,03/08/2013 12:28:00 PM,03/01/2013 09:00:00 PM,03/04/2013 06:00:00 AM,2XX BLOCK OF DEXTER AV N,D,D2,7200.1070,-122.342384338,47.620304108,"(47.620304108, -122.342384338)",3,2013
1032448,2016323410,1211,0,ROBBERY-BANK-GUN,1200,ROBBERY,09/06/2016 03:35:00 PM,09/06/2016 03:35:00 PM,,40XX BLOCK OF E MADISON ST,C,C2,6300.3018,-122.280464172,47.634128571,"(47.634128571, -122.280464172)",9,2016
887850,201379318,2305,0,THEFT-CARPROWL,2300,CAR PROWL,03/08/2013 03:16:00 PM,03/08/2013 01:00:00 AM,03/08/2013 01:30:00 PM,37XX BLOCK OF S HOLLY PARK DR,S,S1,11001.3002,-122.286178589,47.53647995,"(47.53647995, -122.286178589)",3,2013
1032450,2016278450,2203,0,BURGLARY-FORCE-NONRES,2200,BURGLARY,08/03/2016 04:50:00 AM,08/03/2016 04:46:00 AM,,8XX BLOCK OF 5 AV N,Q,Q3,6700.2026,-122.347557068,47.626720428,"(47.626720428, -122.347557068)",8,2016
887852,201379412,2399,3,THEFT-OTH,2300,OTHER PROPERTY,03/08/2013 03:14:00 PM,03/07/2013 01:23:00 AM,03/08/2013 10:00:00 AM,45XX BLOCK OF W RUFFNER ST,Q,Q1,5600.2003,-122.415557861,47.652797699,"(47.652797699, -122.415557861)",3,2013
1032452,2016304363,2205,0,BURGLARY-NOFORCE-NONRES,2200,BURGLARY,08/23/2016 06:47:00 AM,08/23/2016 06:47:00 AM,,6XX BLOCK OF 5 AV,K,K1,8500.1024,-122.32951355,47.604053497,"(47.604053497, -122.32951355)",8,2016
887853,201379422,2305,0,THEFT-CARPROWL,2300,CAR PROWL,03/08/2013 03:10:00 PM,03/08/2013 11:00:00 AM,,58XX BLOCK OF LAKE WASHINGTON BV S,R,R3,10200.2034,-122.258071899,47.550617218,"(47.550617218, -122.258071899)",3,2013
887854,201379877,2202,0,BURGLARY-FORCE-RES,2200,BURGLARY,03/08/2013 10:41:00 PM,03/08/2013 10:41:00 PM,,10XX BLOCK OF 24 AV E,C,C2,6400.1008,-122.301673889,47.628723145,"(47.628723145, -122.301673889)",3,2013
1032455,2016279438,2399,3,THEFT-OTH,2300,OTHER PROPERTY,08/03/2016 06:40:00 PM,08/03/2016 06:40:00 PM,,28XX BLOCK OF SW BARTON ST,F,F2,11402.1022,-122.369346619,47.521038055,"(47.521038055, -122.369346619)",8,2016
1032456,2016285619,2307,0,THEFT-COINOP,2300,OTHER PROPERTY,08/08/2016 01:11:00 PM,08/08/2016 01:11:00 PM,,2XX BLOCK OF 11 AV,G,G1,8600.3014,-122.318107605,47.603939056,"(47.603939056, -122.318107605)",8,2016
887855,201379430,2399,3,THEFT-OTH,2300,OTHER PROPERTY,03/08/2013 03:57:00 PM,03/08/2013 02:45:00 PM,03/08/2013 02:50:00 PM,88XX BLOCK OF SEWARD PARK AV S,S,S2,11800.6014,-122.264595032,47.523880005,"(47.523880005, -122.264595032)",3,2013
887856,201379437,2305,0,THEFT-CARPROWL,2300,CAR PROWL,03/08/2013 04:02:00 PM,03/08/2013 03:00:00 PM,03/08/2013 03:40:00 PM,15XX BLOCK OF LAKE WASHINGTON BV E,C,C2,6200.1050,-122.297073364,47.63236618,"(47.63236618, -122.297073364)",3,2013
887857,201379496,2316,0,THEFT-MAIL,2300,MAIL THEFT,03/08/2013 06:20:00 PM,03/08/2013 12:15:00 PM,03/08/2013 01:00:00 PM,21XX BLOCK OF 18 AV S,R,R1,9400.3016,-122.30947113,47.584106445,"(47.584106445, -122.30947113)",3,2013
1032460,2016314827,2404,1,VEH-THEFT-AUTO,2400,VEHICLE THEFT,08/30/2016 08:32:00 PM,08/29/2016 12:01:00 AM,08/30/2016 08:00:00 PM,108XX BLOCK OF MARINE VIEW DR SW,W,W3,12100.2014,-122.380577087,47.505619049,"(47.505619049, -122.380577087)",8,2016
1032461,2016316498,2203,0,BURGLARY-FORCE-NONRES,2200,BURGLARY,09/01/2016 05:21:00 AM,09/01/2016 05:21:00 AM,,56XX BLOCK OF 4 AV S,O,O2,10900.2050,-122.329559326,47.552280426,"(47.552280426, -122.329559326)",9,2016
887858,201379651,2305,0,THEFT-CARPROWL,2300,CAR PROWL,03/08/2013 07:26:00 PM,03/08/2013 07:26:00 PM,,88XX BLOCK OF 37 AV S,S,S1,11700.3019,-122.285926819,47.524047852,"(47.524047852, -122.285926819)",3,2013
1032463,2016316224,2203,0,BURGLARY-FORCE-NONRES,2200,BURGLARY,08/31/2016 10:25:00 PM,08/31/2016 08:40:00 PM,,2XX BLOCK OF JAMES ST,K,K1,8100.2040,-122.331962585,47.602539063,"(47.602539063, -122.331962585)",8,2016
887859,201379722,X,47,PROPERTY FOUND,X,STOLEN PROPERTY,03/08/2013 08:34:00 PM,03/08/2013 08:34:00 PM,,4XX BLOCK OF PINE ST,M,M2,8100.2001,-122.33731842,47.611320496,"(47.611320496, -122.33731842)",3,2013
887860,201379819,X,47,PROPERTY FOUND,X,STOLEN PROPERTY,03/08/2013 09:48:00 PM,03/08/2013 09:48:00 PM,,4XX BLOCK OF 1 AV N,Q,Q3,7100.2001,-122.355422974,47.622688293,"(47.622688293, -122.355422974)",3,2013
887861,201379004,2404,1,VEH-THEFT-AUTO,2400,VEHICLE THEFT,03/08/2013 08:18:00 AM,03/07/2013 08:00:00 PM,03/08/2013 07:45:00 AM,4XX BLOCK OF NE 95 ST,L,L2,1900.1012,-122.323791504,47.6977005,"(47.6977005, -122.323791504)",3,2013
887862,201379061,2404,1,VEH-THEFT-AUTO,2400,VEHICLE THEFT,03/08/2013 09:02:00 AM,03/07/2013 10:30:00 PM,03/08/2013 06:30:00 AM,40XX BLOCK OF NE 56 ST,U,U3,4200.2015,-122.283493042,47.669460297,"(47.669460297, -122.283493042)",3,2013
1032468,2016314176,2204,0,BURGLARY-NOFORCE-RES,2200,BURGLARY,08/30/2016 01:56:00 PM,08/25/2016 02:00:00 PM,08/30/2016 10:30:00 AM,2XX BLOCK OF N 67 ST,J,J2,3500.1006,-122.355873108,47.677780151,"(47.677780151, -122.355873108)",8,2016
887863,201378848,2203,0,BURGLARY-FORCE-NONRES,2200,BURGLARY,03/08/2013 04:53:00 AM,03/08/2013 04:53:00 AM,,XX BLOCK OF MADISON ST,K,K1,8100.1030,-122.337089539,47.6043396,"(47.6043396, -122.337089539)",3,2013
1032680,2016325037,2299,2,BURGLARY-SECURE PARKING-RES,2299,BURGLARY-SECURE PARKING-RES,09/07/2016 06:18:00 PM,09/06/2016 05:00:00 PM,09/07/2016 07:00:00 AM,14XX BLOCK OF NW 60 ST,B,B1,3300.3018,-122.374893188,47.672359467,"(47.672359467, -122.374893188)",9,2016
887864,201378821,1313,0,ASSLT-NONAGG,1300,ASSAULT,03/08/2013 05:41:00 AM,03/08/2013 04:00:00 AM,03/08/2013 04:00:00 AM,46XX BLOCK OF OHIO AV S,O,O2,9300.3187,-122.338088989,47.561641693,"(47.561641693, -122.338088989)",3,2013
1032682,2016326100,5015,1,WARRARR-FELONY,5000,WARRANT ARREST,09/08/2016 04:37:00 PM,09/08/2016 04:00:00 PM,,4XX BLOCK OF 2 AV S,K,K3,9200.2014,-122.331390381,47.601074219,"(47.601074219, -122.331390381)",9,2016
1032683,2016326048,5212,0,WEAPON-POSSESSION,5200,WEAPON,09/08/2016 06:35:00 PM,09/08/2016 03:18:00 PM,,50 AV S / S THISTLE ST,S,S2,11800.5007,-122.271400452,47.527908325,"(47.527908325, -122.271400452)",9,2016
1032684,2016325983,X,47,PROPERTY FOUND,X,STOLEN PROPERTY,09/08/2016 02:02:00 PM,09/08/2016 01:00:00 PM,09/08/2016 02:02:00 PM,2XX BLOCK OF NW BOWDOIN PL,B,B2,4800.304,-122.359947205,47.65486145,"(47.65486145, -122.359947205)",9,2016
1032685,2016326485,X,47,PROPERTY FOUND,X,STOLEN PROPERTY,09/08/2016 11:47:00 PM,09/08/2016 11:47:00 PM,,S MAIN ST / OCCIDENTAL AV S,K,K2,9200.2023,-122.332885742,47.600040436,"(47.600040436, -122.332885742)",9,2016
887865,201378865,5309,0,HARASSMENT,5300,THREATS,03/08/2013 05:31:00 AM,03/08/2013 05:31:00 AM,03/08/2013 05:31:00 AM,5XX BLOCK OF MERCER ST,Q,Q3,7200.1014,-122.346916199,47.62456131,"(47.62456131, -122.346916199)",3,2013
887866,201378881,5015,1,WARRARR-FELONY,5000,WARRANT ARREST,03/08/2013 06:31:00 AM,03/08/2013 06:10:00 AM,03/08/2013 06:10:00 AM,9 AV / PINE ST,M,M2,8200.1007,-122.332038879,47.613525391,"(47.613525391, -122.332038879)",3,2013
887867,201378935,5015,2,WARRARR-MISDEMEANOR,5000,WARRANT ARREST,03/08/2013 07:08:00 AM,03/08/2013 07:08:00 AM,03/08/2013 07:08:00 AM,10XX BLOCK OF 6 AV N,Q,Q2,6700.2010,-122.344932556,47.628463745,"(47.628463745, -122.344932556)",3,2013
1032689,2016326015,5309,0,HARASSMENT,5300,THREATS,09/08/2016 02:36:00 PM,09/08/2016 02:36:00 PM,,13XX BLOCK OF SPRING ST,E,E3,8400.2007,-122.323013306,47.611213684,"(47.611213684, -122.323013306)",9,2016
1032690,2016325912,X,47,PROPERTY FOUND,X,STOLEN PROPERTY,09/08/2016 12:55:00 PM,09/08/2016 12:55:00 PM,,50XX BLOCK OF S ALASKA ST,R,R3,10100.2024,-122.270072937,47.560592651,"(47.560592651, -122.270072937)",9,2016
1032691,2016326866,2204,0,BURGLARY-NOFORCE-RES,2200,BURGLARY,09/09/2016 11:23:00 AM,04/20/2016 09:00:00 AM,04/27/2016 09:00:00 AM,34XX BLOCK OF 37 AV W,Q,Q1,5600.1000,-122.404678345,47.651359558,"(47.651359558, -122.404678345)",9,2016
1032692,2016327188,2404,1,VEH-THEFT-AUTO,2400,VEHICLE THEFT,09/09/2016 01:38:00 PM,07/11/2016 01:00:00 PM,09/08/2016 02:00:00 PM,135XX BLOCK OF 15 PL NE,L,L1,200.4006,-122.312019348,47.727554321,"(47.727554321, -122.312019348)",9,2016
1032693,2016327137,2404,1,VEH-THEFT-AUTO,2400,VEHICLE THEFT,09/09/2016 01:01:00 PM,09/08/2016 11:00:00 PM,09/09/2016 12:00:00 PM,42XX BLOCK OF 11 AV NE,U,U2,5301.3005,-122.316635132,47.659095764,"(47.659095764, -122.316635132)",9,2016
1032694,2016325535,2305,0,THEFT-CARPROWL,2300,CAR PROWL,09/08/2016 07:47:00 AM,09/08/2016 07:47:00 AM,,11XX BLOCK OF 6 AV,K,K1,8200.1031,-122.331672668,47.608085632,"(47.608085632, -122.331672668)",9,2016
1032695,2016325827,2202,0,BURGLARY-FORCE-RES,2200,BURGLARY,09/08/2016 03:00:00 PM,09/07/2016 05:00:00 PM,09/08/2016 07:00:00 AM,117XX BLOCK OF MERIDIAN AV N,N,N2,600.4004,-122.334098816,47.715015411,"(47.715015411, -122.334098816)",9,2016
887868,201378988,5707,0,TRESPASS,5700,TRESPASS,03/08/2013 09:02:00 AM,03/08/2013 08:05:00 AM,03/08/2013 08:05:00 AM,14XX BLOCK OF NW MARKET ST,B,B1,4700.3021,-122.374900818,47.66866684,"(47.66866684, -122.374900818)",3,2013
887869,201379051,5015,1,WARRARR-FELONY,5000,WARRANT ARREST,03/08/2013 10:04:00 AM,03/08/2013 09:14:00 AM,03/08/2013 09:14:00 AM,3XX BLOCK OF PINE ST,M,M2,8100.2002,-122.338150024,47.610973358,"(47.610973358, -122.338150024)",3,2013
887870,201379171,X,47,PROPERTY FOUND,X,STOLEN PROPERTY,03/08/2013 01:14:00 PM,03/08/2013 11:28:00 AM,,14XX BLOCK OF NW 67 ST,J,J2,3300.1012,-122.375648499,47.677806854,"(47.677806854, -122.375648499)",3,2013
1032699,2016326115,1202,2,ROBBERY-BUSINESS-WEAPON,1200,ROBBERY,09/08/2016 05:27:00 PM,09/08/2016 04:10:00 PM,,72XX BLOCK OF GREENWOOD AV N,J,J3,2800.3004,-122.355308533,47.681430817,"(47.681430817, -122.355308533)",9,2016
1032700,2016324454,2399,3,THEFT-OTH,2300,OTHER PROPERTY,09/07/2016 11:11:00 AM,09/07/2016 11:11:00 AM,,39XX BLOCK OF 6 AV S,O,O2,9300.3175,-122.326766968,47.568481445,"(47.568481445, -122.326766968)",9,2016
1032701,2016325689,1313,0,ASSLT-NONAGG,1300,ASSAULT,09/08/2016 09:53:00 AM,09/07/2016 11:30:00 AM,,25XX BLOCK OF S PLUM ST,R,R2,9500.2056,-122.299667358,47.585483551,"(47.585483551, -122.299667358)",9,2016
1032702,2016325950,1313,0,ASSLT-NONAGG,1300,ASSAULT,09/08/2016 01:36:00 PM,09/08/2016 01:36:00 PM,,3 AV / UNIVERSITY ST,M,M3,8100.2034,-122.335975647,47.607761383,"(47.607761383, -122.335975647)",9,2016
1032703,2016324583,2399,3,THEFT-OTH,2300,OTHER PROPERTY,09/07/2016 12:37:00 PM,09/07/2016 12:37:00 PM,,48XX BLOCK OF BEACON AV S,R,R1,10402.2000,-122.304405212,47.558803558,"(47.558803558, -122.304405212)",9,2016
887871,2013155674,2606,1,FRAUD-CHECK,2600,FRAUD,03/08/2013 01:56:00 PM,10/15/2012 01:56:00 PM,,59XX BLOCK OF 4 AV S,O,O3,10900.2064,-122.329582214,47.549255371,"(47.549255371, -122.329582214)",3,2013
1032705,2016323596,2903,0,PROPERTY DAMAGE-NON RESIDENTIA,2900,PROPERTY DAMAGE,09/06/2016 05:43:00 PM,09/06/2016 01:00:00 PM,09/06/2016 03:00:00 PM,PINE ST / ALASKAN WY,M,M1,8100.1013,-122.343894958,47.608570099,"(47.608570099, -122.343894958)",9,2016
1032470,2016315535,3512,0,NARC-POSSESS-HEROIN,3500,NARCOTICS,08/31/2016 12:06:00 PM,08/31/2016 12:06:00 PM,,DEXTER AV N / DENNY WY,D,D2,7200.2001,-122.342399597,47.618549347,"(47.618549347, -122.342399597)",8,2016
887872,2013904790,2305,0,THEFT-CARPROWL,2300,CAR PROWL,03/08/2013 05:56:00 PM,03/07/2013 09:00:00 PM,03/07/2013 10:00:00 PM,UTAH AV S / S ATLANTIC ST,O,O1,9300.2057,-122.335121155,47.590309143,"(47.590309143, -122.335121155)",3,2013
1032472,2016280150,2303,0,THEFT-SHOPLIFT,2300,SHOPLIFTING,08/04/2016 10:44:00 AM,08/04/2016 10:44:00 AM,,3XX BLOCK OF PINE ST,M,M2,8100.2002,-122.338150024,47.610973358,"(47.610973358, -122.338150024)",8,2016
1032473,2016285390,2305,0,THEFT-CARPROWL,2300,CAR PROWL,08/08/2016 10:37:00 AM,08/08/2016 09:45:00 AM,,12XX BLOCK OF S JACKSON ST,G,G3,9000.2017,-122.315681458,47.599201202,"(47.599201202, -122.315681458)",8,2016
1032474,2016905550,2301,0,THEFT-PKPOCKET,2300,PICKPOCKET,08/14/2016 09:37:00 PM,08/14/2016 03:45:00 AM,08/14/2016 04:00:00 AM,15XX BLOCK OF BROADWAY,E,E2,8400.1007,-122.320793152,47.614654541,"(47.614654541, -122.320793152)",8,2016
887873,2013904789,2305,0,THEFT-CARPROWL,2300,CAR PROWL,03/08/2013 06:59:00 PM,03/08/2013 03:00:00 PM,03/08/2013 04:00:00 PM,ALASKAN WY / UNION ST,M,M1,8100.1016,-122.341339111,47.606903076,"(47.606903076, -122.341339111)",3,2013
1032476,2016304542,2305,0,THEFT-CARPROWL,2300,CAR PROWL,08/23/2016 10:40:00 AM,08/23/2016 09:56:00 AM,,41XX BLOCK OF E MADISON ST,C,C2,6300.1019,-122.279022217,47.635097504,"(47.635097504, -122.279022217)",8,2016
887874,2013904792,2610,0,FRAUD-IDENTITY THEFT,2600,FRAUD,03/08/2013 03:14:00 PM,01/01/2012 03:00:00 PM,03/08/2013 03:00:00 PM,29XX BLOCK OF FAIRMOUNT AV SW,W,W1,9800.1022,-122.382019043,47.577651978,"(47.577651978, -122.382019043)",3,2013
1032478,2016316373,2204,0,BURGLARY-NOFORCE-RES,2200,BURGLARY,09/01/2016 02:01:00 AM,08/31/2016 09:30:00 AM,08/31/2016 07:30:00 PM,59XX BLOCK OF 47 AV SW,W,W2,10600.5021,-122.392456055,47.549442291,"(47.549442291, -122.392456055)",9,2016
1032479,2016316222,2204,0,BURGLARY-NOFORCE-RES,2200,BURGLARY,08/31/2016 11:01:00 PM,08/31/2016 08:47:00 PM,,10XX BLOCK OF E LYNN ST,C,C1,6500.1004,-122.319534302,47.639549255,"(47.639549255, -122.319534302)",8,2016
1032480,2016315697,2203,0,BURGLARY-FORCE-NONRES,2200,BURGLARY,08/31/2016 01:47:00 PM,08/31/2016 01:47:00 PM,,40XX BLOCK OF 13 AV W,Q,Q2,5900.1004,-122.373573303,47.655822754,"(47.655822754, -122.373573303)",8,2016
1032481,2016317849,2404,1,VEH-THEFT-AUTO,2400,VEHICLE THEFT,09/02/2016 08:38:00 AM,09/01/2016 10:24:00 PM,09/02/2016 08:00:00 AM,59XX BLOCK OF SW ADMIRAL WY,W,W1,9701.1013,-122.40877533,47.575881958,"(47.575881958, -122.40877533)",9,2016
887875,2013904795,2305,0,THEFT-CARPROWL,2300,CAR PROWL,03/08/2013 10:00:00 AM,03/08/2013 05:35:00 AM,03/08/2013 07:30:00 AM,38XX BLOCK OF LAKE WASHINGTON BV S,R,R3,9500.3061,-122.274909973,47.569839478,"(47.569839478, -122.274909973)",3,2013
887876,2013904796,2305,0,THEFT-CARPROWL,2300,CAR PROWL,03/08/2013 09:50:00 AM,03/07/2013 02:15:00 PM,03/07/2013 02:48:00 PM,5 AV NE / NE NORTHGATE WY,L,L2,1200.4011,-122.323280334,47.708595276,"(47.708595276, -122.323280334)",3,2013
887877,2013904787,2399,3,THEFT-OTH,2300,OTHER PROPERTY,03/08/2013 08:31:00 PM,03/05/2013 05:00:00 PM,03/08/2013 05:15:00 PM,4XX BLOCK OF AURORA AV N,D,D2,7200.1030,-122.343673706,47.622646332,"(47.622646332, -122.343673706)",3,2013
1032485,2016318220,2404,1,VEH-THEFT-AUTO,2400,VEHICLE THEFT,09/02/2016 02:17:00 PM,09/01/2016 08:00:00 PM,09/02/2016 02:00:00 PM,20XX BLOCK OF 16 AV S,R,R1,9400.5017,-122.312065125,47.585033417,"(47.585033417, -122.312065125)",9,2016
887878,2013904794,2305,0,THEFT-CARPROWL,2300,CAR PROWL,03/08/2013 01:38:00 PM,03/08/2013 12:55:00 AM,03/08/2013 08:55:00 AM,11XX BLOCK OF POPLAR PL S,G,G3,9400.2014,-122.310508728,47.592494965,"(47.592494965, -122.310508728)",3,2013
887879,2013904788,2399,3,THEFT-OTH,2300,OTHER PROPERTY,03/08/2013 08:28:00 PM,03/08/2013 12:30:00 PM,03/08/2013 04:30:00 PM,6XX BLOCK OF STEWART ST,M,M2,7300.3027,-122.336585999,47.613956451,"(47.613956451, -122.336585999)",3,2013
1032488,2016313353,2299,2,BURGLARY-SECURE PARKING-RES,2299,BURGLARY-SECURE PARKING-RES,08/29/2016 05:24:00 PM,08/29/2016 05:24:00 PM,,47XX BLOCK OF 40 AV SW,W,W2,10500.4006,-122.382835388,47.560188293,"(47.560188293, -122.382835388)",8,2016
1032489,2016314991,1304,0,ASSLT-AGG-GUN,1300,ASSAULT,08/30/2016 11:50:00 PM,08/30/2016 11:50:00 PM,,12XX BLOCK OF THOMAS ST,D,D3,7300.1026,-122.332344055,47.620815277,"(47.620815277, -122.332344055)",8,2016
1032490,2016280412,2305,0,THEFT-CARPROWL,2300,CAR PROWL,08/04/2016 02:12:00 PM,08/04/2016 02:12:00 PM,,7XX BLOCK OF BELLEVUE AV E,C,C1,6500.2010,-122.326576233,47.626041412,"(47.626041412, -122.326576233)",8,2016
1032491,2016292187,2205,0,BURGLARY-NOFORCE-NONRES,2200,BURGLARY,08/13/2016 08:18:00 AM,08/12/2016 09:30:00 PM,08/13/2016 08:15:00 AM,15XX BLOCK OF 5 AV,M,M3,8100.2005,-122.336029053,47.611175537,"(47.611175537, -122.336029053)",8,2016
887880,2013904791,2305,0,THEFT-CARPROWL,2300,CAR PROWL,03/08/2013 05:54:00 PM,03/08/2013 02:55:00 PM,03/08/2013 02:55:00 PM,6XX BLOCK OF S MASSACHUSETTS ST,O,O1,9300.1045,-122.324737549,47.588226318,"(47.588226318, -122.324737549)",3,2013
887881,2013904793,2399,1,THEFT-BICYCLE,2300,BIKE THEFT,03/08/2013 02:49:00 PM,02/26/2013 01:50:00 PM,03/08/2013 01:50:00 PM,42XX BLOCK OF ROOSEVELT WY NE,U,U2,5200.2000,-122.3177948,47.657939911,"(47.657939911, -122.3177948)",3,2013
887882,2016161409,5707,0,TRESPASS,5700,TRESPASS,05/09/2016 12:16:00 PM,05/09/2016 12:16:00 PM,,113XX BLOCK OF EXETER AV NE,L,L3,900.1008,-122.278900146,47.711902618,"(47.711902618, -122.278900146)",5,2016
1032495,2016295142,2903,0,PROPERTY DAMAGE-NON RESIDENTIA,2900,PROPERTY DAMAGE,08/15/2016 03:31:00 PM,08/15/2016 03:31:00 PM,,8XX BLOCK OF POST AV,K,K1,8100.1032,-122.33581543,47.603343964,"(47.603343964, -122.33581543)",8,2016
1032496,2016295451,1205,0,ROBBERY-STREET-WEAPON,1200,ROBBERY,08/15/2016 08:49:00 PM,08/15/2016 08:05:00 PM,,39XX BLOCK OF S OTHELLO ST,S,S1,11001.2008,-122.282348633,47.537044525,"(47.537044525, -122.282348633)",8,2016
887883,2016164038,2303,0,THEFT-SHOPLIFT,2300,SHOPLIFTING,05/11/2016 10:41:00 AM,05/08/2016 01:05:00 PM,,14XX BLOCK OF HARVARD AV,E,E2,8400.1008,-122.322105408,47.613525391,"(47.613525391, -122.322105408)",5,2016
1032707,2016325179,2303,0,THEFT-SHOPLIFT,2300,SHOPLIFTING,09/07/2016 08:52:00 PM,09/07/2016 08:52:00 PM,,44XX BLOCK OF RAINIER AV S,R,R3,10100.2013,-122.288009644,47.563457489,"(47.563457489, -122.288009644)",9,2016
887887,201376536,5309,0,HARASSMENT,5300,THREATS,03/06/2013 10:53:00 AM,02/01/2013 08:00:00 PM,03/06/2013 10:53:00 AM,32XX BLOCK OF S EDMUNDS ST,R,R3,10300.4005,-122.290153503,47.558666229,"(47.558666229, -122.290153503)",3,2013
1032709,2016325960,X,47,PROPERTY FOUND,X,STOLEN PROPERTY,09/08/2016 01:48:00 PM,09/08/2016 01:48:00 PM,,88XX BLOCK OF MIDVALE AV N,N,N3,1800.2001,-122.342399597,47.693267822,"(47.693267822, -122.342399597)",9,2016
887888,201375602,5309,0,HARASSMENT,5300,THREATS,03/05/2013 04:34:00 PM,03/05/2013 03:37:00 PM,,9XX BLOCK OF JAMES ST,E,E3,8500.1020,-122.324195862,47.60578537,"(47.60578537, -122.324195862)",3,2013
1032711,2016325955,2308,0,THEFT-BUILDING,2300,OTHER PROPERTY,09/08/2016 01:33:00 PM,08/31/2016 12:00:00 PM,09/02/2016 04:20:00 PM,3XX BLOCK OF 9 AV,G,G1,8500.3001,-122.323440552,47.604129791,"(47.604129791, -122.323440552)",9,2016
887889,201377022,X,69,VEH-RCVD-FOR OTHER AGENCY,X,VEHICLE THEFT,03/06/2013 06:09:00 PM,03/06/2013 06:09:00 PM,,SW ROXBURY ST / KELSEY LN SW,F,F2,11402.2019,-122.361129761,47.517364502,"(47.517364502, -122.361129761)",3,2013
1032713,2016325704,2305,0,THEFT-CARPROWL,2300,CAR PROWL,09/08/2016 10:16:00 AM,09/07/2016 11:00:00 PM,09/08/2016 09:00:00 AM,135XX BLOCK OF SHERMAN RD NW,N,N1,500.1015,-122.361526489,47.727851868,"(47.727851868, -122.361526489)",9,2016
1032714,2016326028,2305,0,THEFT-CARPROWL,2300,CAR PROWL,09/08/2016 02:56:00 PM,09/08/2016 02:56:00 PM,,3XX BLOCK OF COLUMBIA ST,K,K1,8100.2029,-122.33216095,47.604431152,"(47.604431152, -122.33216095)",9,2016
887890,201375385,2305,0,THEFT-CARPROWL,2300,CAR PROWL,03/05/2013 01:06:00 PM,03/04/2013 11:30:00 PM,03/05/2013 11:30:00 AM,39XX BLOCK OF SW OTHELLO ST,W,W3,11600.1008,-122.382835388,47.537521362,"(47.537521362, -122.382835388)",3,2013
1032716,2016326016,2305,0,THEFT-CARPROWL,2300,CAR PROWL,09/08/2016 02:43:00 PM,09/08/2016 02:40:00 PM,,34 AV / E SPRING ST,C,C3,7800.3022,-122.289344788,47.611625671,"(47.611625671, -122.289344788)",9,2016
1032717,2016325745,2299,2,BURGLARY-SECURE PARKING-RES,2299,BURGLARY-SECURE PARKING-RES,09/08/2016 10:48:00 AM,09/08/2016 12:30:00 AM,09/08/2016 01:30:00 AM,3XX BLOCK OF 1 AV N,Q,Q3,7100.2012,-122.355430603,47.621520996,"(47.621520996, -122.355430603)",9,2016
1032718,2016325894,2399,3,THEFT-OTH,2300,OTHER PROPERTY,09/08/2016 12:53:00 PM,09/06/2016 12:01:00 AM,09/06/2016 11:59:00 PM,ALASKAN WY / PIKE HILL CLIMB,M,M1,8100.1059,-122.342498779,47.607749939,"(47.607749939, -122.342498779)",9,2016
1032719,2016326685,2203,0,BURGLARY-FORCE-NONRES,2200,BURGLARY,09/09/2016 06:53:00 AM,09/08/2016 09:00:00 PM,09/09/2016 05:11:00 AM,38XX BLOCK OF BEACON AV S,R,R1,10001.2000,-122.306472778,47.566432953,"(47.566432953, -122.306472778)",9,2016
1032720,2016326329,2902,0,PROPERTY DAMAGE-RESIDENTIAL,2900,PROPERTY DAMAGE,09/09/2016 12:28:00 AM,09/09/2016 12:28:00 AM,,62XX BLOCK OF 35 AV NE,U,U3,4200.4006,-122.290260315,47.674884796,"(47.674884796, -122.290260315)",9,2016
1032721,2016326559,2903,0,PROPERTY DAMAGE-NON RESIDENTIA,2900,PROPERTY DAMAGE,09/09/2016 12:23:00 AM,09/09/2016 12:23:00 AM,,18XX BLOCK OF E OLIVE WY,E,E1,7402.1010,-122.321540833,47.619903564,"(47.619903564, -122.321540833)",9,2016
887891,201375804,2305,0,THEFT-CARPROWL,2300,CAR PROWL,03/05/2013 08:35:00 PM,03/04/2013 06:00:00 PM,03/05/2013 06:30:00 PM,38XX BLOCK OF LETITIA AV S,R,R2,10100.4005,-122.290763855,47.568386078,"(47.568386078, -122.290763855)",3,2013
887893,201375070,5707,0,TRESPASS,5700,TRESPASS,03/05/2013 10:51:00 AM,03/05/2013 08:19:00 AM,,9XX BLOCK OF BOYLSTON AV,E,E3,8400.2010,-122.321487427,47.610374451,"(47.610374451, -122.321487427)",3,2013
887894,201374898,2404,1,VEH-THEFT-AUTO,2400,VEHICLE THEFT,03/05/2013 04:24:00 AM,03/04/2013 11:00:00 PM,03/05/2013 02:00:00 AM,39XX BLOCK OF S HUDSON ST,R,R3,10300.5010,-122.282096863,47.557033539,"(47.557033539, -122.282096863)",3,2013
887895,201375125,2404,1,VEH-THEFT-AUTO,2400,VEHICLE THEFT,03/05/2013 09:01:00 AM,03/05/2013 09:01:00 AM,,24XX BLOCK OF 34 AV W,Q,Q1,5700.3016,-122.400993347,47.640041351,"(47.640041351, -122.400993347)",3,2013
887896,201375544,1316,4,THREATS-OTHER,1300,THREATS,03/05/2013 02:42:00 PM,03/05/2013 02:42:00 PM,,38XX BLOCK OF S ANGELINE ST,R,R3,10300.5001,-122.284202576,47.559459686,"(47.559459686, -122.284202576)",3,2013
1032727,2016324385,X,47,PROPERTY FOUND,X,STOLEN PROPERTY,09/07/2016 10:33:00 AM,09/07/2016 06:30:00 AM,,43XX BLOCK OF NE 55 ST,U,U3,4200.2016,-122.280799866,47.66878891,"(47.66878891, -122.280799866)",9,2016
1032728,2016326449,2902,0,PROPERTY DAMAGE-RESIDENTIAL,2900,PROPERTY DAMAGE,09/08/2016 10:05:00 PM,09/08/2016 10:05:00 PM,09/08/2016 10:05:00 PM,30XX BLOCK OF NE 140 ST,L,L1,100.4002,-122.295143127,47.730140686,"(47.730140686, -122.295143127)",9,2016
887897,201375913,X,21,DISTURBANCE-OTH,X,DISTURBANCE,03/05/2013 09:02:00 PM,03/05/2013 08:36:00 PM,,6XX BLOCK OF S DEARBORN ST,K,K3,9100.2012,-122.324417114,47.595832825,"(47.595832825, -122.324417114)",3,2013
1032730,2016324839,2204,0,BURGLARY-NOFORCE-RES,2200,BURGLARY,09/07/2016 03:51:00 PM,08/31/2016 12:00:00 PM,08/31/2016 03:00:00 PM,21XX BLOCK OF N 120 ST,N,N2,600.4000,-122.33278656,47.715919495,"(47.715919495, -122.33278656)",9,2016
1032731,2016324778,2308,0,THEFT-BUILDING,2300,OTHER PROPERTY,09/07/2016 03:43:00 PM,09/07/2016 03:00:00 PM,,6XX BLOCK OF S JACKSON ST,K,K3,9200.1010,-122.324401855,47.599189758,"(47.599189758, -122.324401855)",9,2016
1032497,2016282242,2305,0,THEFT-CARPROWL,2300,CAR PROWL,08/05/2016 09:23:00 PM,08/05/2016 04:11:00 PM,08/05/2016 06:30:00 PM,4XX BLOCK OF MERCER ST,Q,Q3,7200.1015,-122.348220825,47.62456131,"(47.62456131, -122.348220825)",8,2016
1032498,2016281111,2902,0,PROPERTY DAMAGE-RESIDENTIAL,2900,PROPERTY DAMAGE,08/05/2016 12:21:00 AM,08/05/2016 12:21:00 AM,,47XX BLOCK OF 44 AV NE,U,U3,4100.4009,-122.280479431,47.663993835,"(47.663993835, -122.280479431)",8,2016
1032499,2016314449,2299,2,BURGLARY-SECURE PARKING-RES,2299,BURGLARY-SECURE PARKING-RES,08/30/2016 02:26:00 PM,08/25/2016 12:00:00 PM,,9XX BLOCK OF DEXTER AV N,D,D2,6700.1004,-122.342315674,47.628429413,"(47.628429413, -122.342315674)",8,2016
1032500,2016314762,2203,0,BURGLARY-FORCE-NONRES,2200,BURGLARY,08/30/2016 07:30:00 PM,08/30/2016 07:30:00 PM,,62XX BLOCK OF ROOSEVELT WY NE,U,U1,4400.2011,-122.317359924,47.673744202,"(47.673744202, -122.317359924)",8,2016
887898,201375302,5016,1,VIOL-COURT ORDER,5000,VIOLATION OF COURT ORDER,03/05/2013 11:31:00 AM,03/05/2013 11:31:00 AM,,3XX BLOCK OF 4 AV S,K,K3,9200.1015,-122.328964233,47.599617004,"(47.599617004, -122.328964233)",3,2013
887899,201375386,2605,0,FRAUD-CREDIT CARD,2600,FRAUD,03/05/2013 03:05:00 PM,06/01/2012 12:00:00 PM,06/30/2012 12:00:00 PM,7XX BLOCK OF NW 90 ST,J,J1,1702.3009,-122.365348816,47.694255829,"(47.694255829, -122.365348816)",3,2013
887900,201375191,2204,0,BURGLARY-NOFORCE-RES,2200,BURGLARY,03/05/2013 10:01:00 AM,03/04/2013 07:00:00 PM,03/04/2013 10:30:00 PM,5XX BLOCK OF 3 AV,K,K2,8100.2043,-122.331085205,47.602413177,"(47.602413177, -122.331085205)",3,2013
1032504,2016290154,3510,0,NARC-SELL-HEROIN,3500,NARCOTICS,08/11/2016 08:43:00 PM,08/11/2016 08:43:00 PM,,41XX BLOCK OF 12 AV NE,U,U2,5301.4002,-122.315536499,47.657604218,"(47.657604218, -122.315536499)",8,2016
1032505,2016294550,2203,0,BURGLARY-FORCE-NONRES,2200,BURGLARY,08/15/2016 04:58:00 AM,08/15/2016 12:30:00 AM,08/15/2016 04:28:00 AM,29XX BLOCK OF EASTLAKE AV E,D,D3,6100.3017,-122.32396698,47.648097992,"(47.648097992, -122.32396698)",8,2016
1032506,2016294569,2205,0,BURGLARY-NOFORCE-NONRES,2200,BURGLARY,08/15/2016 07:57:00 AM,08/15/2016 06:01:00 AM,,17XX BLOCK OF S JACKSON ST,G,G3,9000.2019,-122.309623718,47.599235535,"(47.599235535, -122.309623718)",8,2016
1032507,2016312694,1203,3,ROBBERY-BUSINESS-BODYFORCE,1200,ROBBERY,08/29/2016 09:54:00 AM,08/29/2016 09:54:00 AM,,6XX BLOCK OF 5 AV S,K,K3,9100.2009,-122.327682495,47.596656799,"(47.596656799, -122.327682495)",8,2016
1032508,2016316973,1306,0,ASSLT-AGG-BODYFORCE,1300,ASSAULT,09/01/2016 02:07:00 PM,09/01/2016 02:07:00 PM,,NW LEARY WY / 15 AV NW,B,B1,4700.2037,-122.376319885,47.663661957,"(47.663661957, -122.376319885)",9,2016
887901,201375398,2903,0,PROPERTY DAMAGE-NON RESIDENTIA,2900,PROPERTY DAMAGE,03/05/2013 04:16:00 PM,03/01/2013 09:00:00 AM,03/02/2013 04:30:00 PM,16XX BLOCK OF 22 AV E,C,C2,6200.3015,-122.303817749,47.63394928,"(47.63394928, -122.303817749)",3,2013
887902,201376093,5015,2,WARRARR-MISDEMEANOR,5000,WARRANT ARREST,03/06/2013 01:16:00 AM,03/06/2013 12:43:00 AM,,BEACON AV S / S COLUMBIAN WY,R,R1,10402.2000,-122.304656982,47.559604645,"(47.559604645, -122.304656982)",3,2013
887903,201376420,2399,3,THEFT-OTH,2300,OTHER PROPERTY,03/06/2013 09:00:00 AM,03/06/2013 09:00:00 AM,,127XX BLOCK OF 28 AV NE,L,L1,200.2012,-122.297729492,47.721805573,"(47.721805573, -122.297729492)",3,2013
887904,201376633,2204,0,BURGLARY-NOFORCE-RES,2200,BURGLARY,03/06/2013 12:27:00 PM,02/20/2013 12:27:00 PM,03/06/2013 12:27:00 PM,117XX BLOCK OF 17 AV NE,L,L1,700.4005,-122.309837341,47.714859009,"(47.714859009, -122.309837341)",3,2013
887906,201377228,1205,0,ROBBERY-STREET-WEAPON,1200,ROBBERY,03/06/2013 10:24:00 PM,03/06/2013 10:24:00 PM,03/06/2013 10:24:00 PM,6 AV / PINE ST,M,M2,8200.1002,-122.335372925,47.612136841,"(47.612136841, -122.335372925)",3,2013
1032514,2016294907,2204,0,BURGLARY-NOFORCE-RES,2200,BURGLARY,08/15/2016 12:15:00 PM,08/02/2016 12:00:00 AM,08/06/2016 04:00:00 PM,10XX BLOCK OF W RUFFNER ST,Q,Q2,5900.1033,-122.37084198,47.652252197,"(47.652252197, -122.37084198)",8,2016
1032515,2016305209,2308,0,THEFT-BUILDING,2300,OTHER PROPERTY,08/23/2016 06:37:00 PM,08/23/2016 06:37:00 PM,,12XX BLOCK OF BOYLSTON AV,E,E3,8400.2006,-122.323440552,47.612514496,"(47.612514496, -122.323440552)",8,2016
1032516,2016309352,2304,3,THEFT-AUTO PARTS,2300,OTHER PROPERTY,08/26/2016 07:07:00 PM,08/25/2016 10:00:00 PM,08/26/2016 06:00:00 AM,24XX BLOCK OF E MILLER ST,C,C2,6200.1043,-122.301193237,47.641716003,"(47.641716003, -122.301193237)",8,2016
1032517,2016308934,2204,0,BURGLARY-NOFORCE-RES,2200,BURGLARY,08/26/2016 12:55:00 PM,08/26/2016 11:15:00 AM,08/26/2016 12:50:00 PM,3XX BLOCK OF E THOMAS ST,E,E1,7402.1005,-122.327217102,47.620830536,"(47.620830536, -122.327217102)",8,2016
1032518,2016319399,2202,0,BURGLARY-FORCE-RES,2200,BURGLARY,09/03/2016 12:49:00 PM,09/03/2016 10:06:00 AM,,22XX BLOCK OF NE 88 ST,U,U1,2100.3008,-122.305015564,47.692108154,"(47.692108154, -122.305015564)",9,2016
887907,201376286,5015,1,WARRARR-FELONY,5000,WARRANT ARREST,03/06/2013 06:19:00 AM,03/06/2013 06:19:00 AM,,9 AV / PINE ST,M,M2,8200.1007,-122.332038879,47.613525391,"(47.613525391, -122.332038879)",3,2013
1032520,2016323879,2204,0,BURGLARY-NOFORCE-RES,2200,BURGLARY,09/06/2016 10:49:00 PM,09/06/2016 10:49:00 PM,,5XX BLOCK OF WALL ST,D,D2,7200.2008,-122.34487915,47.617687225,"(47.617687225, -122.34487915)",9,2016
887909,201376948,5015,1,WARRARR-FELONY,5000,WARRANT ARREST,03/06/2013 05:14:00 PM,03/06/2013 05:14:00 PM,,45XX BLOCK OF UNIVERSITY WY NE,U,U2,5301.2010,-122.313117981,47.662181854,"(47.662181854, -122.313117981)",3,2013
1032522,2016301139,2404,1,VEH-THEFT-AUTO,2400,VEHICLE THEFT,08/20/2016 08:35:00 AM,08/19/2016 08:35:00 AM,08/19/2016 10:30:00 PM,FRANKLIN AV E / E BOSTON ST,D,D3,6600.2010,-122.324684143,47.638244629,"(47.638244629, -122.324684143)",8,2016
1032732,2016325292,2305,0,THEFT-CARPROWL,2300,CAR PROWL,09/07/2016 11:21:00 PM,09/07/2016 11:11:00 PM,09/07/2016 11:21:00 PM,98XX BLOCK OF 42 AV S,S,S1,11700.2013,-122.280708313,47.514446259,"(47.514446259, -122.280708313)",9,2016
1032733,2016324308,1304,0,ASSLT-AGG-GUN,1300,ASSAULT,09/07/2016 10:17:00 AM,09/07/2016 09:20:00 AM,,CALIFORNIA AV SW / SW ALASKA ST,W,W2,10500.4003,-122.386779785,47.561103821,"(47.561103821, -122.386779785)",9,2016
887910,201376772,2610,0,FRAUD-IDENTITY THEFT,2600,FRAUD,03/06/2013 02:44:00 PM,09/23/2012 03:00:00 PM,01/01/2013 04:00:00 PM,65XX BLOCK OF 43 AV NE,U,U3,3900.1025,-122.282241821,47.676692963,"(47.676692963, -122.282241821)",3,2013
1032735,2016304659,2399,3,THEFT-OTH,2300,OTHER PROPERTY,08/23/2016 01:00:00 PM,08/23/2016 01:00:00 PM,,77XX BLOCK OF 46 AV S,S,S2,11101.3008,-122.275314331,47.533008575,"(47.533008575, -122.275314331)",8,2016
1032736,2016326931,1316,5,THREATS-WEAPON,1300,THREATS,09/09/2016 10:11:00 AM,09/09/2016 10:10:00 AM,,90XX BLOCK OF RAINIER AV S,S,S3,11800.6016,-122.269989014,47.522815704,"(47.522815704, -122.269989014)",9,2016
1032737,2016325643,2299,1,BURGLARY-SECURE PARKING-NONRES,2200,BURGLARY,09/08/2016 09:14:00 AM,08/02/2016 06:00:00 PM,08/31/2016 12:00:00 PM,11XX BLOCK OF WESTERN AV,K,K1,8100.1024,-122.3383255,47.605300903,"(47.605300903, -122.3383255)",9,2016
1032738,2016325969,1202,2,ROBBERY-BUSINESS-WEAPON,1200,ROBBERY,09/08/2016 01:53:00 PM,09/08/2016 01:53:00 PM,,123XX BLOCK OF 15 AV NE,L,L1,700.3004,-122.312644958,47.718509674,"(47.718509674, -122.312644958)",9,2016
1032739,2016325627,2308,0,THEFT-BUILDING,2300,OTHER PROPERTY,09/08/2016 08:59:00 AM,09/08/2016 08:59:00 AM,,38XX BLOCK OF RAINIER AV S,R,R2,10100.5018,-122.289924622,47.568881989,"(47.568881989, -122.289924622)",9,2016
1032740,2016326585,1204,0,ROBBERY-STREET-GUN,1200,ROBBERY,09/09/2016 01:12:00 AM,09/09/2016 12:52:00 AM,09/09/2016 12:52:00 AM,5XX BLOCK OF 3 AV,K,K2,8100.2042,-122.331085205,47.602413177,"(47.602413177, -122.331085205)",9,2016
1032741,2016314835,1313,0,ASSLT-NONAGG,1300,ASSAULT,08/30/2016 08:44:00 PM,08/30/2016 08:40:00 PM,08/30/2016 08:40:00 PM,3XX BLOCK OF PONTIUS AV N,D,D3,7300.1027,-122.331710815,47.621391296,"(47.621391296, -122.331710815)",8,2016
1032742,2016326324,5016,1,VIOL-COURT ORDER,5000,VIOLATION OF COURT ORDER,09/08/2016 07:36:00 PM,09/08/2016 07:36:00 PM,09/08/2016 07:36:00 PM,40XX BLOCK OF W EMERSON ST,Q,Q1,5600.1008,-122.408416748,47.654090881,"(47.654090881, -122.408416748)",9,2016
1032743,2016325675,1316,5,THREATS-WEAPON,1300,THREATS,09/08/2016 09:28:00 AM,09/08/2016 02:00:00 AM,,64XX BLOCK OF ROOSEVELT WY NE,U,U1,3600.1022,-122.317359924,47.675403595,"(47.675403595, -122.317359924)",9,2016
1032744,2016326652,1202,2,ROBBERY-BUSINESS-WEAPON,1200,ROBBERY,09/09/2016 03:51:00 AM,09/09/2016 03:51:00 AM,,43XX BLOCK OF SW ADMIRAL WY,W,W1,9600.2012,-122.387199402,47.581188202,"(47.581188202, -122.387199402)",9,2016
1032745,2016326299,2302,0,THEFT-PRSNATCH,2300,PURSE SNATCH,09/08/2016 11:16:00 PM,09/08/2016 12:00:00 PM,09/08/2016 01:00:00 PM,9XX BLOCK OF N 85 ST,N,N3,1800.2010,-122.345863342,47.690567017,"(47.690567017, -122.345863342)",9,2016
887912,201376795,1316,3,THREATS-KILL,1300,THREATS,03/06/2013 03:09:00 PM,03/06/2013 09:45:00 AM,,48XX BLOCK OF CALIFORNIA AV SW,W,W2,10500.4011,-122.386856079,47.558410645,"(47.558410645, -122.386856079)",3,2013
1032747,2016326251,X,21,DISTURBANCE-OTH,X,DISTURBANCE,09/08/2016 06:46:00 PM,09/08/2016 06:09:00 PM,,54XX BLOCK OF DELRIDGE WY SW,F,F1,10701.1000,-122.362976074,47.552818298,"(47.552818298, -122.362976074)",9,2016
1032748,2016326732,3512,0,NARC-POSSESS-HEROIN,3500,NARCOTICS,09/09/2016 06:31:00 AM,09/09/2016 06:31:00 AM,,7XX BLOCK OF E PIKE ST,E,E2,8400.1009,-122.322753906,47.614055634,"(47.614055634, -122.322753906)",9,2016
1032749,2016315228,X,70,NARC-FOUND-MARIJU,X,NARCOTICS,08/31/2016 07:00:00 AM,08/31/2016 07:00:00 AM,,44XX BLOCK OF 7 AV S,O,O2,9300.3162,-122.323974609,47.564067841,"(47.564067841, -122.323974609)",8,2016
1032750,2016325180,2903,0,PROPERTY DAMAGE-NON RESIDENTIA,2900,PROPERTY DAMAGE,09/07/2016 08:50:00 PM,09/07/2016 07:30:00 AM,,28XX BLOCK OF 29 AV S,R,R2,9500.4006,-122.295166016,47.577960968,"(47.577960968, -122.295166016)",9,2016
1032751,2016325698,2202,0,BURGLARY-FORCE-RES,2200,BURGLARY,09/08/2016 10:05:00 AM,09/07/2016 12:00:00 PM,09/07/2016 03:00:00 PM,40XX BLOCK OF 37 AV S,R,R3,10100.5031,-122.286117554,47.567047119,"(47.567047119, -122.286117554)",9,2016
1032752,2016325539,2902,0,PROPERTY DAMAGE-RESIDENTIAL,2900,PROPERTY DAMAGE,09/08/2016 08:31:00 AM,09/07/2016 05:30:00 PM,09/08/2016 06:52:00 AM,9XX BLOCK OF 22 AV E,C,C2,6400.3010,-122.303565979,47.627738953,"(47.627738953, -122.303565979)",9,2016
887915,201376206,5015,2,WARRARR-MISDEMEANOR,5000,WARRANT ARREST,03/06/2013 04:11:00 AM,03/06/2013 04:11:00 AM,,62XX BLOCK OF CORSON AV S,O,O3,10900.2082,-122.321685791,47.5467453,"(47.5467453, -122.321685791)",3,2013
887916,201377252,1313,0,ASSLT-NONAGG,1300,ASSAULT,03/06/2013 09:54:00 PM,03/06/2013 09:54:00 PM,,6XX BLOCK OF MINOR AV,E,E3,8500.2005,-122.321746826,47.607303619,"(47.607303619, -122.321746826)",3,2013
1032755,2016323648,2202,0,BURGLARY-FORCE-RES,2200,BURGLARY,09/06/2016 06:42:00 PM,09/06/2016 06:42:00 PM,,83XX BLOCK OF 32 AV NW,J,J2,3100.5011,-122.398323059,47.688655853,"(47.688655853, -122.398323059)",9,2016
887917,201377050,2204,0,BURGLARY-NOFORCE-RES,2200,BURGLARY,03/06/2013 10:14:00 PM,03/06/2013 09:48:00 PM,,12XX BLOCK OF SW CAMBRIDGE ST,F,F3,11300.2015,-122.35118103,47.519172668,"(47.519172668, -122.35118103)",3,2013
887918,201377047,2303,0,THEFT-SHOPLIFT,2300,SHOPLIFTING,03/06/2013 09:02:00 PM,03/06/2013 06:30:00 PM,,5XX BLOCK OF S DEARBORN ST,K,K3,9300.1009,-122.327033997,47.595836639,"(47.595836639, -122.327033997)",3,2013
1032523,2016302300,1312,0,ASSLT-AGG-POLICE-BODYFORCE,1300,ASSAULT,08/21/2016 01:54:00 PM,08/21/2016 01:54:00 PM,,MARTIN LUTHER KING JR WY / E UNION ST,C,C3,7700.1032,-122.296195984,47.612937927,"(47.612937927, -122.296195984)",8,2016
1032524,2016294213,1203,3,ROBBERY-BUSINESS-BODYFORCE,1200,ROBBERY,08/14/2016 10:45:00 PM,08/14/2016 08:27:00 PM,,44XX BLOCK OF RAINIER AV S,R,R3,10100.2013,-122.288009644,47.563457489,"(47.563457489, -122.288009644)",8,2016
887919,201376568,2606,1,FRAUD-CHECK,2600,FRAUD,03/06/2013 11:31:00 AM,02/16/2013 09:00:00 AM,02/17/2013 09:00:00 AM,90XX BLOCK OF 9 AV SW,F,F3,11300.3013,-122.346725464,47.521892548,"(47.521892548, -122.346725464)",3,2013
1032526,2016290603,2203,0,BURGLARY-FORCE-NONRES,2200,BURGLARY,08/12/2016 06:46:00 AM,08/12/2016 06:46:00 AM,,53XX BLOCK OF 15 AV NW,B,B1,4700.2005,-122.376213074,47.667526245,"(47.667526245, -122.376213074)",8,2016
1032527,2016290751,2299,2,BURGLARY-SECURE PARKING-RES,2299,BURGLARY-SECURE PARKING-RES,08/12/2016 09:08:00 AM,08/08/2016 12:00:00 AM,08/12/2016 09:00:00 AM,113XX BLOCK OF 3 AV NE,L,L2,1200.4001,-122.326019287,47.710926056,"(47.710926056, -122.326019287)",8,2016
1032528,2016301767,2308,0,THEFT-BUILDING,2300,OTHER PROPERTY,08/20/2016 10:00:00 PM,08/20/2016 10:30:00 AM,08/20/2016 11:30:00 AM,33XX BLOCK OF RAINIER AV S,R,R2,9500.4025,-122.294395447,47.573429108,"(47.573429108, -122.294395447)",8,2016
1032529,2016905787,2399,3,THEFT-OTH,2300,OTHER PROPERTY,08/25/2016 06:59:00 PM,08/19/2016 10:00:00 PM,08/19/2016 11:00:00 PM,6XX BLOCK OF SUMMIT AV E,E,E1,7401.1003,-122.325317383,47.624702454,"(47.624702454, -122.325317383)",8,2016
887920,201376456,2699,1,FRAUD-OTHER,2600,FRAUD,03/06/2013 10:59:00 AM,02/08/2013 12:00:00 AM,02/08/2013 11:59:00 PM,27XX BLOCK OF CALIFORNIA AV SW,W,W1,9800.1024,-122.386657715,47.578323364,"(47.578323364, -122.386657715)",3,2013
1032531,2016305152,2305,0,THEFT-CARPROWL,2300,CAR PROWL,08/23/2016 05:57:00 PM,08/23/2016 05:45:00 PM,08/23/2016 05:57:00 PM,2XX BLOCK OF 21 AV E,C,C2,7600.2010,-122.304725647,47.620803833,"(47.620803833, -122.304725647)",8,2016
1032532,2016305233,1311,0,ASSLT-AGG-POLICE-WEAPON,1300,ASSAULT,08/23/2016 07:01:00 PM,08/23/2016 07:01:00 PM,,140XX BLOCK OF GREENWOOD AV N,N,N1,401.2004,-122.355567932,47.731407166,"(47.731407166, -122.355567932)",8,2016
1032533,2016292030,2299,2,BURGLARY-SECURE PARKING-RES,2299,BURGLARY-SECURE PARKING-RES,08/13/2016 03:34:00 AM,08/12/2016 10:30:00 PM,08/12/2016 11:00:00 PM,15XX BLOCK OF 7 AV,M,M2,8200.1006,-122.333808899,47.612102509,"(47.612102509, -122.333808899)",8,2016
887921,201376787,2699,1,FRAUD-OTHER,2600,FRAUD,03/06/2013 02:55:00 PM,03/06/2013 02:55:00 PM,,2XX BLOCK OF BROADWAY E,E,E1,7402.1000,-122.320884705,47.620491028,"(47.620491028, -122.320884705)",3,2013
887922,201376400,2804,0,PROPERTY STOLEN-POSSESS,2800,STOLEN PROPERTY,03/06/2013 08:38:00 AM,03/06/2013 08:38:00 AM,,14XX BLOCK OF 1 AV,M,M1,8100.3003,-122.339561462,47.608325958,"(47.608325958, -122.339561462)",3,2013
1032536,2016295417,2305,0,THEFT-CARPROWL,2300,CAR PROWL,08/15/2016 07:31:00 PM,08/15/2016 05:55:00 PM,08/15/2016 07:20:00 PM,LAKE WASHINGTON BV / E ALDER ST,G,G2,7800.1045,-122.284378052,47.603626251,"(47.603626251, -122.284378052)",8,2016
1032537,2016301142,X,47,PROPERTY FOUND,X,STOLEN PROPERTY,08/20/2016 08:44:00 AM,08/20/2016 08:00:00 AM,,21XX BLOCK OF SW HOLDEN ST,F,F1,10701.2015,-122.361801147,47.533695221,"(47.533695221, -122.361801147)",8,2016
1032538,2016312210,2205,0,BURGLARY-NOFORCE-NONRES,2200,BURGLARY,08/28/2016 09:53:00 PM,08/28/2016 09:46:00 PM,08/28/2016 09:50:00 PM,14XX BLOCK OF 3 AV,M,M3,8100.2015,-122.337341309,47.60925293,"(47.60925293, -122.337341309)",8,2016
1032539,2016283877,2205,0,BURGLARY-NOFORCE-NONRES,2200,BURGLARY,08/06/2016 11:50:00 PM,08/06/2016 05:00:00 PM,08/06/2016 11:00:00 PM,82XX BLOCK OF GREENWOOD AV N,J,J2,2900.1008,-122.355300903,47.688751221,"(47.688751221, -122.355300903)",8,2016
887923,201376405,5015,2,WARRARR-MISDEMEANOR,5000,WARRANT ARREST,03/06/2013 10:27:00 AM,03/06/2013 08:42:00 AM,,11XX BLOCK OF NW LEARY WY,B,B2,4700.2031,-122.372177124,47.663658142,"(47.663658142, -122.372177124)",3,2013
887925,2013900230,2305,0,THEFT-CARPROWL,2300,CAR PROWL,03/06/2013 05:51:00 PM,03/06/2013 09:30:00 AM,03/06/2013 03:45:00 PM,6 AV / UNION ST,M,M3,8200.1022,-122.333557129,47.610145569,"(47.610145569, -122.333557129)",3,2013
1032542,2016302412,2202,0,BURGLARY-FORCE-RES,2200,BURGLARY,08/21/2016 04:21:00 PM,08/20/2016 06:00:00 PM,08/21/2016 04:00:00 PM,68XX BLOCK OF OSWEGO PL NE,J,J3,3600.4,-122.32308197,47.678535461,"(47.678535461, -122.32308197)",8,2016
887926,201376650,2301,0,THEFT-PKPOCKET,2300,PICKPOCKET,03/06/2013 12:50:00 PM,03/06/2013 12:50:00 PM,,HARVARD AV / E PIKE ST,E,E2,8400.1006,-122.322113037,47.614063263,"(47.614063263, -122.322113037)",3,2013
1032544,2016294615,2203,0,BURGLARY-FORCE-NONRES,2200,BURGLARY,08/15/2016 07:48:00 AM,08/12/2016 05:00:00 PM,08/15/2016 06:40:00 AM,47XX BLOCK OF COLORADO AV S,O,O2,9300.3187,-122.336791992,47.561599731,"(47.561599731, -122.336791992)",8,2016
1032545,2016279288,2303,0,THEFT-SHOPLIFT,2300,SHOPLIFTING,08/03/2016 05:37:00 PM,08/03/2016 05:37:00 PM,08/03/2016 05:37:00 PM,116XX BLOCK OF AURORA AV N,N,N2,600.3007,-122.344833374,47.713546753,"(47.713546753, -122.344833374)",8,2016
1032546,2016278668,2204,0,BURGLARY-NOFORCE-RES,2200,BURGLARY,08/03/2016 09:20:00 AM,08/02/2016 09:15:00 PM,08/03/2016 09:00:00 AM,18XX BLOCK OF 5 AV W,Q,Q2,6900.1011,-122.363670349,47.635349274,"(47.635349274, -122.363670349)",8,2016
1032547,2016279769,2404,1,VEH-THEFT-AUTO,2400,VEHICLE THEFT,08/04/2016 02:13:00 AM,08/04/2016 12:00:00 AM,08/04/2016 01:23:00 AM,94XX BLOCK OF 14 AV SW,F,F3,11300.2013,-122.352882385,47.518264771,"(47.518264771, -122.352882385)",8,2016
887927,201376346,X,18,DISPUTE-OTH,X,DISPUTE,03/06/2013 07:45:00 AM,03/06/2013 07:45:00 AM,03/06/2013 07:45:00 AM,8XX BLOCK OF NW CARKEEK PARK RD,N,N1,1400.4000,-122.36680603,47.71124649,"(47.71124649, -122.36680603)",3,2013
887928,201376439,X,21,DISTURBANCE-OTH,X,DISTURBANCE,03/06/2013 10:51:00 AM,03/06/2013 09:19:00 AM,03/06/2013 09:19:00 AM,8XX BLOCK OF 29 AV S,G,G3,8900.2014,-122.295410156,47.595134735,"(47.595134735, -122.295410156)",3,2013
887929,201376502,X,21,DISTURBANCE-OTH,X,DISTURBANCE,03/06/2013 10:25:00 AM,03/06/2013 10:15:00 AM,03/06/2013 10:20:00 AM,1XX BLOCK OF 15 AV E,C,C1,7500.2001,-122.312736511,47.619091034,"(47.619091034, -122.312736511)",3,2013
887930,201376780,X,21,DISTURBANCE-OTH,X,DISTURBANCE,03/06/2013 02:48:00 PM,03/06/2013 02:48:00 PM,03/06/2013 02:48:00 PM,8XX BLOCK OF MADISON ST,E,E3,8200.2008,-122.327919006,47.608177185,"(47.608177185, -122.327919006)",3,2013
1032761,2016322976,X,47,PROPERTY FOUND,X,STOLEN PROPERTY,09/06/2016 10:00:00 AM,09/06/2016 09:00:00 AM,,11 AV / E PIKE ST,E,E2,7500.4006,-122.318138123,47.614093781,"(47.614093781, -122.318138123)",9,2016
887931,201377023,5015,2,WARRARR-MISDEMEANOR,5000,WARRANT ARREST,03/06/2013 06:14:00 PM,03/06/2013 06:14:00 PM,,24XX BLOCK OF NE 95 ST,NULL,NULL,NULL,-122.302864075,47.697547913,"(47.697547913, -122.302864075)",3,2013
1032763,2016316546,2205,0,BURGLARY-NOFORCE-NONRES,2200,BURGLARY,09/01/2016 07:02:00 AM,09/01/2016 07:02:00 AM,,3XX BLOCK OF PINE ST,M,M2,8100.2002,-122.338150024,47.610973358,"(47.610973358, -122.338150024)",9,2016
1032764,2016303067,2204,0,BURGLARY-NOFORCE-RES,2200,BURGLARY,08/22/2016 07:38:00 AM,08/22/2016 07:38:00 AM,,103XX BLOCK OF INTERLAKE AV N,N,N3,1300.1006,-122.340637207,47.704139709,"(47.704139709, -122.340637207)",8,2016
